"Address","Content Type","Status Code","Status","Indexability","Indexability Status","Title 1","Title 1 Length","Title 1 Pixel Width","Meta Description 1","Meta Description 1 Length","Meta Description 1 Pixel Width","Meta Keywords 1","Meta Keywords 1 Length","H1-1","H1-1 Length","H1-2","H1-2 Length","H2-1","H2-1 Length","Meta Robots 1","X-Robots-Tag 1","Meta Refresh 1","Canonical Link Element 1","rel=""next"" 1","rel=""prev"" 1","HTTP rel=""next"" 1","HTTP rel=""prev"" 1","amphtml Link Element","Size (bytes)","Word Count","Text Ratio","Crawl Depth","Link Score","Inlinks","Unique Inlinks","Unique JS Inlinks","% of Total","Outlinks","Unique Outlinks","Unique JS Outlinks","External Outlinks","Unique External Outlinks","Unique External JS Outlinks","Closest Similarity Match","No. Near Duplicates","Spelling Errors","Grammar Errors","Hash","Response Time","Last Modified","Redirect URL","Redirect Type","Cookies","HTTP Version","URL Encoded Address","Crawl Timestamp"
"https://www.rfi.fr/fr/","text/html; charset=UTF-8","200","OK","Indexable","","RFI - Actualités, info, news en direct - Radio France Internationale","68","587","","","","","","RFI - Actualités, info, news en direct - Radio France Internationale","68","","0","","","","","","https://www.rfi.fr/fr/","","","","","","","","","0","","595","98","0","100.000","153","128","0","","","","","","","","","","","","","","1.1","https://www.rfi.fr/fr/","2021-12-09 06:17:38"
"https://www.rfi.fr/fr/podcasts/journal-français-facile","text/html; charset=UTF-8","301","Moved Permanently","Non-Indexable","Redirected","","0","0","","","","","","","0","","0","","","","","","","","","","","","","","","1","","84","84","0","85.710","0","0","0","","","","","","","","","","","https://www.rfi.fr/fr/podcasts/journal-français-facile/","HTTP Redirect","","1.1","https://www.rfi.fr/fr/podcasts/journal-fran%C3%A7ais-facile","2021-12-09 06:17:40"
"https://www.rfi.fr/fr/direct-monde","text/html; charset=UTF-8","200","OK","Indexable","","Écouter RFI Monde en direct - RFI","33","308","","","","","","Écouter RFI Monde en direct","27","","0","","","","","","https://www.rfi.fr/fr/direct-monde","","","","","","","","","1","","89","84","0","85.710","71","52","0","","","","","","","","","","","","","","1.1","https://www.rfi.fr/fr/direct-monde","2021-12-09 06:17:40"
"https://www.rfi.fr/fr/podcasts/décryptage/20211208-boycott-des-jo-de-pékin-peut-on-parler-d-un-génocide-contre-les-ouighours-en-chine","text/html; charset=UTF-8","200","OK","Indexable","","Boycott des JO de Pékin: peut-on parler d'un «génocide» contre les Ouïghours en Chine? - Décryptage","99","918","","","","","","Boycott des JO de Pékin: peut-on parler d'un «génocide» contre les Ouïghours en Chine?","86","","0","","","","","","https://www.rfi.fr/fr/podcasts/décryptage/20211208-boycott-des-jo-de-pékin-peut-on-parler-d-un-génocide-contre-les-ouighours-en-chine","","","","","","","","","1","","10","3","0","3.060","83","64","0","","","","","","","","","","","","","","1.1","https://www.rfi.fr/fr/podcasts/d%C3%A9cryptage/20211208-boycott-des-jo-de-p%C3%A9kin-peut-on-parler-d-un-g%C3%A9nocide-contre-les-ouighours-en-chine","2021-12-09 06:17:40"
"https://www.rfi.fr/fr/afrique/20211208-congo-hold-up-les-affaires-offshore-de-l-ancien-gouverneur-moïse-katumbi","text/html; charset=UTF-8","200","OK","Indexable","","Congo Hold-up: les affaires offshore de l’ancien gouverneur Moïse Katumbi","73","668","","","","","","Congo Hold-up: les affaires offshore de l’ancien gouverneur Moïse Katumbi","73","","0","","","","","","https://www.rfi.fr/fr/afrique/20211208-congo-hold-up-les-affaires-offshore-de-l-ancien-gouverneur-moïse-katumbi","","","","","","","","","1","","11","5","0","5.100","97","75","0","","","","","","","","","","","","","","1.1","https://www.rfi.fr/fr/afrique/20211208-congo-hold-up-les-affaires-offshore-de-l-ancien-gouverneur-mo%C3%AFse-katumbi","2021-12-09 06:17:40"
"https://www.rfi.fr/fr/asie-pacifique/20211208-émotion-en-chine-un-père-retrouve-son-fils-14-ans-après-son-enlèvement","text/html; charset=UTF-8","200","OK","Indexable","","Émotion en Chine, un père retrouve son fils 14 ans après son enlèvement","71","655","","","","","","Émotion en Chine, un père retrouve son fils 14 ans après son enlèvement","71","","0","","","","","","https://www.rfi.fr/fr/asie-pacifique/20211208-émotion-en-chine-un-père-retrouve-son-fils-14-ans-après-son-enlèvement","","","","","","","","","1","","12","5","0","5.100","87","69","0","","","","","","","","","","","","","","1.1","https://www.rfi.fr/fr/asie-pacifique/20211208-%C3%A9motion-en-chine-un-p%C3%A8re-retrouve-son-fils-14-ans-apr%C3%A8s-son-enl%C3%A8vement","2021-12-09 06:17:40"
"https://www.rfi.fr/fr/environnement/","text/html; charset=UTF-8","200","OK","Indexable","","L'actualité autour de l'environnement en direct - RFI","53","460","","","","","","Environnement","13","","0","","","","","","https://www.rfi.fr/fr/environnement/","","","","","","","","","1","","89","84","0","85.710","87","71","0","","","","","","","","","","","","","","1.1","https://www.rfi.fr/fr/environnement/","2021-12-09 06:17:40"
"https://www.rfi.fr/fr/journaux-afrique/","text/html; charset=UTF-8","200","OK","Indexable","","Tous les journaux de l'actualité en Afrique - Radio France Internationale - RFI","79","686","","","","","","Les journaux Afrique","20","","0","","","","","","https://www.rfi.fr/fr/journaux-afrique/","","","","","","","","","1","","90","84","0","85.710","66","51","0","","","","","","","","","","","","","","1.1","https://www.rfi.fr/fr/journaux-afrique/","2021-12-09 06:17:41"
"https://www.rfi.fr/fr/podcasts/débat-du-jour/20211208-comment-parler-de-dieu","text/html; charset=UTF-8","200","OK","Indexable","","Comment parler de Dieu ? - Débat du jour","40","374","","","","","","Comment parler de Dieu ?","24","","0","","","","","","https://www.rfi.fr/fr/podcasts/débat-du-jour/20211208-comment-parler-de-dieu","","","","","","","","","1","","9","2","0","2.040","80","61","0","","","","","","","","","","","","","","1.1","https://www.rfi.fr/fr/podcasts/d%C3%A9bat-du-jour/20211208-comment-parler-de-dieu","2021-12-09 06:17:40"
"https://www.rfi.fr/fr/afrique-foot/20211207-guinée-morgan-guilavogui-le-petit-nouveau-du-syli-national","text/html; charset=UTF-8","200","OK","Indexable","","Guinée: Morgan Guilavogui, le «petit nouveau» du Syli national","62","558","","","","","","Guinée: Morgan Guilavogui, le «petit nouveau» du Syli national","62","","0","","","","","","https://www.rfi.fr/fr/afrique-foot/20211207-guinée-morgan-guilavogui-le-petit-nouveau-du-syli-national","","","","","","","","","1","","16","8","0","8.160","87","68","0","","","","","","","","","","","","","","1.1","https://www.rfi.fr/fr/afrique-foot/20211207-guin%C3%A9e-morgan-guilavogui-le-petit-nouveau-du-syli-national","2021-12-09 06:17:40"
"https://www.rfi.fr/fr/afrique/20211208-somalie-bras-de-fer-tendu-au-puntland-entre-les-autorités-et-une-force-d-élite","text/html; charset=UTF-8","200","OK","Indexable","","Somalie: bras de fer tendu au Puntland entre les autorités et une force d'élite","79","684","","","","","","Somalie: bras de fer tendu au Puntland entre les autorités et une force d'élite","79","","0","","","","","","https://www.rfi.fr/fr/afrique/20211208-somalie-bras-de-fer-tendu-au-puntland-entre-les-autorités-et-une-force-d-élite","","","","","","","","","1","","19","12","0","12.240","84","66","0","","","","","","","","","","","","","","1.1","https://www.rfi.fr/fr/afrique/20211208-somalie-bras-de-fer-tendu-au-puntland-entre-les-autorit%C3%A9s-et-une-force-d-%C3%A9lite","2021-12-09 06:17:41"
"https://www.rfi.fr/fr/amériques/20211208-à-la-une-l-augmentation-des-prix-du-carburant-en-haïti","text/html; charset=UTF-8","200","OK","Indexable","","À la Une: l’augmentation des prix du carburant en Haïti","55","487","","","","","","À la Une: l’augmentation des prix du carburant en Haïti","55","","0","","","","","","https://www.rfi.fr/fr/amériques/20211208-à-la-une-l-augmentation-des-prix-du-carburant-en-haïti","","","","","","","","","1","","13","6","0","6.120","86","68","0","","","","","","","","","","","","","","1.1","https://www.rfi.fr/fr/am%C3%A9riques/20211208-%C3%A0-la-une-l-augmentation-des-prix-du-carburant-en-ha%C3%AFti","2021-12-09 06:17:41"
"https://www.rfi.fr/fr/tag/communiqués-de-presse-rfi/","text/html; charset=UTF-8","200","OK","Indexable","","Communiqués de presse RFI : actualités, podcasts, vidéos et analyses - RFI","74","681","","","","","","Communiqués de presse RFI","25","","0","","","","","","https://www.rfi.fr/fr/tag/communiqués-de-presse-rfi/","","","","","","","","","1","","89","84","0","85.710","109","84","0","","","","","","","","","","","","","","1.1","https://www.rfi.fr/fr/tag/communiqu%C3%A9s-de-presse-rfi/","2021-12-09 06:17:42"
"https://www.rfi.fr/fr/sciences/","text/html; charset=UTF-8","200","OK","Indexable","","L'actualité scientifique en direct - RFI","40","328","","","","","","Sciences","8","","0","","","","","","https://www.rfi.fr/fr/sciences/","","","","","","","","","1","","90","84","0","85.710","99","82","0","","","","","","","","","","","","","","1.1","https://www.rfi.fr/fr/sciences/","2021-12-09 06:17:42"
"https://www.rfi.fr/fr/stop-infox/","text/html; charset=UTF-8","200","OK","Indexable","","Stop l'infox avec RFI","21","183","","","","","","","0","","0","","","","","","https://www.rfi.fr/fr/stop-infox/","","","","","","","","","1","","173","84","0","85.710","76","61","0","","","","","","","","","","","","","","1.1","https://www.rfi.fr/fr/stop-infox/","2021-12-09 06:17:42"
"https://www.rfi.fr/ff/","text/html; charset=UTF-8","200","OK","Indexable","","Kabaruuji - Yeewtere waɗanaande sukaaɓe nanooɓe fulfulde - RFI Fulfulde","71","666","","","","","","","0","","0","","","","","","https://www.rfi.fr/ff/","","","","","","","","","1","","107","98","0","100.000","81","59","0","","","","","","","","","","","","","","1.1","https://www.rfi.fr/ff/","2021-12-09 06:17:42"
"https://www.rfi.fr/fr/tag/revue-de-presse/","text/html; charset=UTF-8","200","OK","Indexable","","Revue de presse : actualités, podcasts, vidéos et analyses - RFI","64","572","","","","","","Revue de presse","15","","0","","","","","","https://www.rfi.fr/fr/tag/revue-de-presse/","","","","","","","","","1","","10","6","0","6.120","109","85","0","","","","","","","","","","","","","","1.1","https://www.rfi.fr/fr/tag/revue-de-presse/","2021-12-09 06:17:42"
"https://www.rfi.fr/fr/podcasts/revue-de-presse-internationale/20211208-à-la-une-biden-poutine-une-visioconférence-et-peu-d-avancées","text/html; charset=UTF-8","200","OK","Indexable","","À la Une: Biden-Poutine, une visioconférence et peu d’avancées - Revue de presse internationale","95","864","","","","","","À la Une: Biden-Poutine, une visioconférence et peu d’avancées","62","","0","","","","","","https://www.rfi.fr/fr/podcasts/revue-de-presse-internationale/20211208-à-la-une-biden-poutine-une-visioconférence-et-peu-d-avancées","","","","","","","","","1","","11","4","0","4.080","84","65","0","","","","","","","","","","","","","","1.1","https://www.rfi.fr/fr/podcasts/revue-de-presse-internationale/20211208-%C3%A0-la-une-biden-poutine-une-visioconf%C3%A9rence-et-peu-d-avanc%C3%A9es","2021-12-09 06:17:42"
"https://www.rfi.fr/fr/moyen-orient/20211208-sommet-pour-la-démocratie-de-biden-quelques-frustrations-au-proche-orient","text/html; charset=UTF-8","200","OK","Indexable","","Sommet pour la démocratie de Biden: quelques frustrations au Proche-Orient","74","688","","","","","","Sommet pour la démocratie de Biden: quelques frustrations au Proche-Orient","74","","0","","","","","","https://www.rfi.fr/fr/moyen-orient/20211208-sommet-pour-la-démocratie-de-biden-quelques-frustrations-au-proche-orient","","","","","","","","","1","","10","3","0","3.060","90","72","0","","","","","","","","","","","","","","1.1","https://www.rfi.fr/fr/moyen-orient/20211208-sommet-pour-la-d%C3%A9mocratie-de-biden-quelques-frustrations-au-proche-orient","2021-12-09 06:17:42"
"https://www.rfi.fr/fr/medias-partenaires/","text/html; charset=UTF-8","200","OK","Indexable","","RFI - L’Afrique vue par nos médias partenaires","46","416","","","","","","RFI - Actualités, info, news en direct - Radio France Internationale","68","L' Afrique vue par nos médias partenaires","41","","","","","","https://www.rfi.fr/fr/medias-partenaires/","","","","","","","","","1","","89","84","0","85.710","73","59","0","","","","","","","","","","","","","","1.1","https://www.rfi.fr/fr/medias-partenaires/","2021-12-09 06:17:43"
"https://www.rfi.fr/fr/capter-rfi","text/html; charset=UTF-8","200","OK","Indexable","","Comment capter RFI ? - RFI","26","255","","","","","","Comment capter RFI ?","20","","0","","","","","","https://www.rfi.fr/fr/capter-rfi","","","","","","","","","1","","91","84","0","85.710","69","52","0","","","","","","","","","","","","","","1.1","https://www.rfi.fr/fr/capter-rfi","2021-12-09 06:17:42"
"https://www.rfi.fr/fr/moyen-orient/","text/html; charset=UTF-8","200","OK","Indexable","","L'actualité économique et politique au Moyen Orient - RFI","57","511","","","","","","Moyen-Orient","12","","0","","","","","","https://www.rfi.fr/fr/moyen-orient/","","","","","","","","","1","","90","84","0","85.710","99","83","0","","","","","","","","","","","","","","1.1","https://www.rfi.fr/fr/moyen-orient/","2021-12-09 06:17:42"
"https://www.rfi.fr/fr/interactif/","text/html; charset=UTF-8","200","OK","Indexable","","Webdocumentaires et Infographies - RFI","38","362","","","","","","Webdocumentaires et Infographies","32","","0","","","","","","https://www.rfi.fr/fr/interactif/","","","","","","","","","1","","90","84","0","85.710","76","55","0","","","","","","","","","","","","","","1.1","https://www.rfi.fr/fr/interactif/","2021-12-09 06:17:43"
"https://www.rfi.fr/fr/asie-pacifique/20211209-birmanie-facebook-supprime-les-comptes-d-entreprises-liées-à-l-armée","text/html; charset=UTF-8","200","OK","Indexable","","Birmanie : Facebook supprime les comptes d'entreprises liées à l'armée","70","638","","","","","","Birmanie : Facebook supprime les comptes d'entreprises liées à l'armée","70","","0","","","","","","https://www.rfi.fr/fr/asie-pacifique/20211209-birmanie-facebook-supprime-les-comptes-d-entreprises-liées-à-l-armée","","","","","","","","","1","","12","5","0","5.100","85","67","0","","","","","","","","","","","","","","1.1","https://www.rfi.fr/fr/asie-pacifique/20211209-birmanie-facebook-supprime-les-comptes-d-entreprises-li%C3%A9es-%C3%A0-l-arm%C3%A9e","2021-12-09 06:17:43"
"https://www.rfi.fr/sw/","text/html; charset=UTF-8","200","OK","Indexable","","Masuala ya hivi sasa, habari moja kwa moja - Radio France Internationale - RFI","78","707","","","","","","","0","","0","","","","","","https://www.rfi.fr/sw/","","","","","","","","","1","","108","98","0","100.000","91","73","0","","","","","","","","","","","","","","1.1","https://www.rfi.fr/sw/","2021-12-09 06:17:43"
"https://www.rfi.fr/fr/podcasts/revue-de-presse-afrique/20211208-à-la-une-l-afrique-a-faim","text/html; charset=UTF-8","200","OK","Indexable","","À la Une: l’Afrique a faim… - Revue de presse Afrique","53","479","","","","","","À la Une: l’Afrique a faim…","27","","0","","","","","","https://www.rfi.fr/fr/podcasts/revue-de-presse-afrique/20211208-à-la-une-l-afrique-a-faim","","","","","","","","","1","","10","3","0","3.060","78","59","0","","","","","","","","","","","","","","1.1","https://www.rfi.fr/fr/podcasts/revue-de-presse-afrique/20211208-%C3%A0-la-une-l-afrique-a-faim","2021-12-09 06:17:43"
"https://www.rfi.fr/fr/europe/20211208-royaume-uni-drogue-et-restrictions-sanitaires-cocktail-explosif-pour-johnson","text/html; charset=UTF-8","200","OK","Indexable","","Royaume-Uni: drogue et restrictions sanitaires, cocktail explosif pour Johnson","78","690","","","","","","Royaume-Uni: drogue et restrictions sanitaires, cocktail explosif pour Johnson","78","","0","","","","","","https://www.rfi.fr/fr/europe/20211208-royaume-uni-drogue-et-restrictions-sanitaires-cocktail-explosif-pour-johnson","","","","","","","","","1","","13","6","0","6.120","88","69","0","","","","","","","","","","","","","","1.1","https://www.rfi.fr/fr/europe/20211208-royaume-uni-drogue-et-restrictions-sanitaires-cocktail-explosif-pour-johnson","2021-12-09 06:17:42"
"https://www.rfi.fr/fr/europe/","text/html; charset=UTF-8","200","OK","Indexable","","L'actualité économique et politique en Europe - RFI","51","454","","","","","","Europe","6","","0","","","","","","https://www.rfi.fr/fr/europe/","","","","","","","","","1","","92","84","0","85.710","100","84","0","","","","","","","","","","","","","","1.1","https://www.rfi.fr/fr/europe/","2021-12-09 06:17:43"
"https://www.rfi.fr/fr/podcasts/de-vive-s-voix/20211208-emission-enregistrée-au-musée-de-l-immigration-les-langues-africaines-en-france","text/html; charset=UTF-8","200","OK","Indexable","","Émission enregistrée au Musée de l’Immigration: les langues africaines en France - De vive(s) voix","98","876","","","","","","Émission enregistrée au Musée de l’Immigration: les langues africaines en France","80","","0","","","","","","https://www.rfi.fr/fr/podcasts/de-vive-s-voix/20211208-emission-enregistrée-au-musée-de-l-immigration-les-langues-africaines-en-france","","","","","","","","","1","","9","2","0","2.040","85","66","0","","","","","","","","","","","","","","1.1","https://www.rfi.fr/fr/podcasts/de-vive-s-voix/20211208-emission-enregistr%C3%A9e-au-mus%C3%A9e-de-l-immigration-les-langues-africaines-en-france","2021-12-09 06:17:43"
"https://www.rfi.fr/fr/afrique/20211208-en-visite-en-algérie-jean-yves-le-drian-appelle-à-une-relation-apaisée","text/html; charset=UTF-8","200","OK","Indexable","","En visite en Algérie, Jean-Yves Le Drian appelle à une «relation apaisée»","73","650","","","","","","En visite en Algérie, Jean-Yves Le Drian appelle à une «relation apaisée»","73","","0","","","","","","https://www.rfi.fr/fr/afrique/20211208-en-visite-en-algérie-jean-yves-le-drian-appelle-à-une-relation-apaisée","","","","","","","","","1","","19","12","0","12.240","88","70","0","","","","","","","","","","","","","","1.1","https://www.rfi.fr/fr/afrique/20211208-en-visite-en-alg%C3%A9rie-jean-yves-le-drian-appelle-%C3%A0-une-relation-apais%C3%A9e","2021-12-09 06:17:43"
"https://www.rfi.fr/fr/en-bref/20211208-burkina-faso-le-premier-ministre-christophe-dabiré-et-son-gouvernement-démis-officiel","text/html; charset=UTF-8","200","OK","Indexable","","Burkina: le président met fin aux fonctions du Premier ministre Christophe Dabiré","81","719","","","","","","Burkina: le président met fin aux fonctions du Premier ministre Christophe Dabiré","81","","0","","","","","","https://www.rfi.fr/fr/en-bref/20211208-burkina-faso-le-premier-ministre-christophe-dabiré-et-son-gouvernement-démis-officiel","","","","","","","","","1","","20","12","0","12.240","84","66","0","","","","","","","","","","","","","","1.1","https://www.rfi.fr/fr/en-bref/20211208-burkina-faso-le-premier-ministre-christophe-dabir%C3%A9-et-son-gouvernement-d%C3%A9mis-officiel","2021-12-09 06:17:43"
"https://www.rfi.fr/fr/afrique-foot/20211205-ligue-1-seko-fofana-un-eléphant-qui-monte-énormément","text/html; charset=UTF-8","200","OK","Indexable","","Ligue 1: Seko Fofana, un Éléphant qui monte énormément","54","521","","","","","","Ligue 1: Seko Fofana, un Éléphant qui monte énormément","54","","0","","","","","","https://www.rfi.fr/fr/afrique-foot/20211205-ligue-1-seko-fofana-un-eléphant-qui-monte-énormément","","","","","","","","","1","","14","6","0","6.120","85","67","0","","","","","","","","","","","","","","1.1","https://www.rfi.fr/fr/afrique-foot/20211205-ligue-1-seko-fofana-un-el%C3%A9phant-qui-monte-%C3%A9norm%C3%A9ment","2021-12-09 06:17:44"
"https://www.rfi.fr/ha/","text/html; charset=UTF-8","200","OK","Indexable","","Labarai, kai tsaye- Radio France Internationale - RFI","53","467","","","","","","","0","","0","","","","","","https://www.rfi.fr/ha/","","","","","","","","","1","","108","98","0","100.000","90","75","0","","","","","","","","","","","","","","1.1","https://www.rfi.fr/ha/","2021-12-09 06:17:44"
"https://www.rfi.fr/fr/afrique-foot/","text/html; charset=UTF-8","200","OK","Indexable","","Afrique Foot : l'actualité du football africain - RFI","53","428","","","","","","Afrique Foot","12","","0","","","","","","https://www.rfi.fr/fr/afrique-foot/","","","","","","","","","1","","179","84","0","85.710","109","91","0","","","","","","","","","","","","","","1.1","https://www.rfi.fr/fr/afrique-foot/","2021-12-09 06:17:44"
"https://www.rfi.fr/fr/afrique/20211208-procès-de-l-assassinat-de-sankara-un-ex-adjoint-de-diendéré-l-accuse-d-être-l-un-des-planificateurs","text/html; charset=UTF-8","200","OK","Indexable","","Procès de l'assassinat de Sankara : un ex-adjoint de Diendéré l'accuse d'être l’un des planificateurs","101","882","","","","","","Procès de l'assassinat de Sankara : un ex-adjoint de Diendéré l'accuse d'être l’un des planificateurs","101","","0","","","","","","https://www.rfi.fr/fr/afrique/20211208-procès-de-l-assassinat-de-sankara-un-ex-adjoint-de-diendéré-l-accuse-d-être-l-un-des-planificateurs","","","","","","","","","1","","20","12","0","12.240","87","69","0","","","","","","","","","","","","","","1.1","https://www.rfi.fr/fr/afrique/20211208-proc%C3%A8s-de-l-assassinat-de-sankara-un-ex-adjoint-de-diend%C3%A9r%C3%A9-l-accuse-d-%C3%AAtre-l-un-des-planificateurs","2021-12-09 06:17:44"
"https://www.rfi.fr/ru/","text/html; charset=UTF-8","200","OK","Indexable","","RFI - Новости в прямом эфире - международное французское радио","62","644","","","","","","RFI - Новости в прямом эфире - международное французское радио","62","","0","","","","","","https://www.rfi.fr/ru/","","","","","","","","","1","","108","98","0","100.000","93","74","0","","","","","","","","","","","","","","1.1","https://www.rfi.fr/ru/","2021-12-09 06:17:44"
"https://www.rfi.fr/fr/afrique/20211208-en-visite-en-rdc-la-directrice-du-fmi-salue-les-réformes-en-cours-et-se-veut-optimiste","text/html; charset=UTF-8","200","OK","Indexable","","En visite en RDC, la directrice du FMI salue les «réformes en cours» et se veut optimiste","89","789","","","","","","En visite en RDC, la directrice du FMI salue les «réformes en cours» et se veut optimiste","89","","0","","","","","","https://www.rfi.fr/fr/afrique/20211208-en-visite-en-rdc-la-directrice-du-fmi-salue-les-réformes-en-cours-et-se-veut-optimiste","","","","","","","","","1","","19","12","0","12.240","85","67","0","","","","","","","","","","","","","","1.1","https://www.rfi.fr/fr/afrique/20211208-en-visite-en-rdc-la-directrice-du-fmi-salue-les-r%C3%A9formes-en-cours-et-se-veut-optimiste","2021-12-09 06:17:44"
"https://www.rfi.fr/fr/amériques/20211207-à-la-une-nouvelle-obligation-vaccinale-à-new-york","text/html; charset=UTF-8","200","OK","Indexable","","À la Une: nouvelle obligation vaccinale à New York","50","448","","","","","","À la Une: nouvelle obligation vaccinale à New York","50","","0","","","","","","https://www.rfi.fr/fr/amériques/20211207-à-la-une-nouvelle-obligation-vaccinale-à-new-york","","","","","","","","","1","","15","8","0","8.160","88","69","0","","","","","","","","","","","","","","1.1","https://www.rfi.fr/fr/am%C3%A9riques/20211207-%C3%A0-la-une-nouvelle-obligation-vaccinale-%C3%A0-new-york","2021-12-09 06:17:44"
"https://www.rfi.fr/fr/podcasts/grand-reportage/20211208-méharistes-les-sentinelles-du-désert","text/html; charset=UTF-8","200","OK","Indexable","","Méharistes, les sentinelles du désert - Grand reportage","55","491","","","","","","Méharistes, les sentinelles du désert","37","","0","","","","","","https://www.rfi.fr/fr/podcasts/grand-reportage/20211208-méharistes-les-sentinelles-du-désert","","","","","","","","","1","","10","3","0","3.060","82","63","0","","","","","","","","","","","","","","1.1","https://www.rfi.fr/fr/podcasts/grand-reportage/20211208-m%C3%A9haristes-les-sentinelles-du-d%C3%A9sert","2021-12-09 06:17:45"
"https://www.rfi.fr/fr/technologies/20211208-le-groupe-russe-wagner-à-la-manœuvre-sur-les-réseaux-sociaux","text/html; charset=UTF-8","200","OK","Indexable","","Le groupe russe Wagner à la manœuvre sur les réseaux sociaux","60","577","","","","","","Le groupe russe Wagner à la manœuvre sur les réseaux sociaux","60","","0","","","","","","https://www.rfi.fr/fr/technologies/20211208-le-groupe-russe-wagner-à-la-manœuvre-sur-les-réseaux-sociaux","","","","","","","","","1","","12","5","0","5.100","89","71","0","","","","","","","","","","","","","","1.1","https://www.rfi.fr/fr/technologies/20211208-le-groupe-russe-wagner-%C3%A0-la-man%C5%93uvre-sur-les-r%C3%A9seaux-sociaux","2021-12-09 06:17:44"
"https://www.rfi.fr/fr/en-bref/20211208-ukraine-biden-se-concertera-jeudi-avec-neuf-pays-d-europe-de-l-est-membres-de-l-otan","text/html; charset=UTF-8","200","OK","Indexable","","Ukraine: Biden se concertera jeudi avec neuf pays d'Europe de l'Est membres de l'Otan - RFI","91","829","","","","","","Ukraine: Biden se concertera jeudi avec neuf pays d'Europe de l'Est membres de l'Otan","85","","0","","","","","","https://www.rfi.fr/fr/en-bref/20211208-ukraine-biden-se-concertera-jeudi-avec-neuf-pays-d-europe-de-l-est-membres-de-l-otan","","","","","","","","","1","","7","3","0","3.060","65","52","0","","","","","","","","","","","","","","1.1","https://www.rfi.fr/fr/en-bref/20211208-ukraine-biden-se-concertera-jeudi-avec-neuf-pays-d-europe-de-l-est-membres-de-l-otan","2021-12-09 06:17:45"
"https://www.rfi.fr/fr/asie-pacifique/","text/html; charset=UTF-8","200","OK","Indexable","","L'actualité économique et politique en Asie et dans le Pacifique - RFI","70","608","","","","","","Asie et Pacifique","17","","0","","","","","","https://www.rfi.fr/fr/asie-pacifique/","","","","","","","","","1","","92","84","0","85.710","99","83","0","","","","","","","","","","","","","","1.1","https://www.rfi.fr/fr/asie-pacifique/","2021-12-09 06:17:45"
"https://www.rfi.fr/fr/vidéos","text/html; charset=UTF-8","200","OK","Indexable","","Vidéos - RFI","12","111","","","","","","Vidéos","6","","0","","","","","","https://www.rfi.fr/fr/vidéos","","","","","","","","","1","","89","84","0","85.710","68","53","0","","","","","","","","","","","","","","1.1","https://www.rfi.fr/fr/vid%C3%A9os","2021-12-09 06:17:45"
"https://www.rfi.fr/fr/afrique/20211208-frique-du-sud-omicron-plus-contagieux-mais-une-forme-moins-grave-du-covid-19-selon-le-groupe-hospitalier-netcare","text/html; charset=UTF-8","200","OK","Indexable","","Afrique du Sud: Omicron plus contagieux mais une forme moins grave du Covid-19 selon le groupe hospitalier Netcare","114","1051","","","","","","Afrique du Sud: Omicron plus contagieux mais une forme moins grave du Covid-19 selon le groupe hospitalier Netcare","114","","0","","","","","","https://www.rfi.fr/fr/afrique/20211208-frique-du-sud-omicron-plus-contagieux-mais-une-forme-moins-grave-du-covid-19-selon-le-groupe-hospitalier-netcare","","","","","","","","","1","","20","13","0","13.270","85","66","0","","","","","","","","","","","","","","1.1","https://www.rfi.fr/fr/afrique/20211208-frique-du-sud-omicron-plus-contagieux-mais-une-forme-moins-grave-du-covid-19-selon-le-groupe-hospitalier-netcare","2021-12-09 06:17:45"
"https://www.rfi.fr/fr/tech/","text/html; charset=UTF-8","200","OK","Indexable","","Tech : information en direct, news et actu en continu - RFI","59","518","","","","","","Tech","4","","0","","","","","","https://www.rfi.fr/fr/tech/","","","","","","","","","1","","90","84","0","85.710","95","79","0","","","","","","","","","","","","","","1.1","https://www.rfi.fr/fr/tech/","2021-12-09 06:17:44"
"https://www.rfi.fr/fr/les-plus-lus","text/html; charset=UTF-8","200","OK","Indexable","","Les plus lus : actualité internationale en continu - RFI","56","471","","","","","","Les plus lus","12","","0","","","","","","https://www.rfi.fr/fr/les-plus-lus","","","","","","","","","1","","92","84","0","85.710","78","62","0","","","","","","","","","","","","","","1.1","https://www.rfi.fr/fr/les-plus-lus","2021-12-09 06:17:45"
"https://www.rfi.fr/es/","text/html; charset=UTF-8","200","OK","Indexable","","RFI - Noticias del mundo en directo - Radio Francia Internacional","65","576","","","","","","RFI - Noticias del mundo en directo - Radio Francia Internacional","65","","0","","","","","","https://www.rfi.fr/es/","","","","","","","","","1","","108","98","0","100.000","105","90","0","","","","","","","","","","","","","","1.1","https://www.rfi.fr/es/","2021-12-09 06:17:45"
"https://www.rfi.fr/fr/europe/20211209-retour-sur-le-jour-où-scholz-a-remplacé-merkel-à-la-tête-de-l-allemagne","text/html; charset=UTF-8","200","OK","Indexable","","Retour sur le jour où Scholz a remplacé Merkel à la tête de l'Allemagne","71","631","","","","","","Retour sur le jour où Scholz a remplacé Merkel à la tête de l'Allemagne","71","","0","","","","","","https://www.rfi.fr/fr/europe/20211209-retour-sur-le-jour-où-scholz-a-remplacé-merkel-à-la-tête-de-l-allemagne","","","","","","","","","1","","12","5","0","5.100","88","69","0","","","","","","","","","","","","","","1.1","https://www.rfi.fr/fr/europe/20211209-retour-sur-le-jour-o%C3%B9-scholz-a-remplac%C3%A9-merkel-%C3%A0-la-t%C3%AAte-de-l-allemagne","2021-12-09 06:17:46"
"https://www.rfi.fr/fr/journaux-monde/","text/html; charset=UTF-8","200","OK","Indexable","","Tous les journaux et Podcasts - Radio France Internationale - RFI","65","584","","","","","","Les journaux Monde","18","","0","","","","","","https://www.rfi.fr/fr/journaux-monde/","","","","","","","","","1","","89","84","0","85.710","66","51","0","","","","","","","","","","","","","","1.1","https://www.rfi.fr/fr/journaux-monde/","2021-12-09 06:17:45"
"https://www.rfi.fr/tw/","text/html; charset=UTF-8","200","OK","Indexable","","法廣 - 時事與新聞直播 - RFI - 法國國際廣播電台","29","429","","","","","","法廣 - 時事與新聞直播 - RFI - 法國國際廣播電台","29","","0","","","","","","https://www.rfi.fr/tw/","","","","","","","","","1","","109","98","0","100.000","120","98","0","","","","","","","","","","","","","","1.1","https://www.rfi.fr/tw/","2021-12-09 06:17:45"
"https://www.rfi.fr/fr/afrique-foot/20211128-coupe-de-la-confédération-les-résultats-tour-de-cadrage-aller","text/html; charset=UTF-8","200","OK","Indexable","","Coupe de la Confédération: les résultats tour de cadrage (aller et retour)","74","643","","","","","","Coupe de la Confédération: les résultats tour de cadrage (aller et retour)","74","","0","","","","","","https://www.rfi.fr/fr/afrique-foot/20211128-coupe-de-la-confédération-les-résultats-tour-de-cadrage-aller","","","","","","","","","1","","10","4","0","4.080","84","67","0","","","","","","","","","","","","","","1.1","https://www.rfi.fr/fr/afrique-foot/20211128-coupe-de-la-conf%C3%A9d%C3%A9ration-les-r%C3%A9sultats-tour-de-cadrage-aller","2021-12-09 06:17:45"
"https://www.rfi.fr/km/","text/html; charset=UTF-8","200","OK","Indexable","","ព័ត៌មានថ្មីៗពីប្រទេសកម្ពុជា និងជុំវិញពិភពលោក ជាមួយវិទ្យុបារាំងអន្តរជាតិ RFI ខេមរភាសា","84","661","","","","","","","0","","0","","","","","","https://www.rfi.fr/km/","","","","","","","","","1","","108","98","0","100.000","94","76","0","","","","","","","","","","","","","","1.1","https://www.rfi.fr/km/","2021-12-09 06:17:45"
"https://www.rfi.fr/fr/gestion-notifications","text/html; charset=UTF-8","200","OK","Indexable","","Gestion des notifications - RFI","31","269","","","","","","Gestion des notifications","25","","0","","","","","","https://www.rfi.fr/fr/gestion-notifications","","","","","","","","","1","","89","84","0","85.710","66","51","0","","","","","","","","","","","","","","1.1","https://www.rfi.fr/fr/gestion-notifications","2021-12-09 06:17:46"
"https://www.rfi.fr/cn/","text/html; charset=UTF-8","200","OK","Indexable","","法广 - 时事与新闻直播 - RFI - 法国国际广播电台","29","429","","","","","","法广 - 时事与新闻直播 - RFI - 法国国际广播电台","29","","0","","","","","","https://www.rfi.fr/cn/","","","","","","","","","1","","109","98","0","100.000","129","110","0","","","","","","","","","","","","","","1.1","https://www.rfi.fr/cn/","2021-12-09 06:17:45"
"https://www.rfi.fr/fr/direct-afrique","text/html; charset=UTF-8","200","OK","Indexable","","Écouter RFI Afrique en direct - RFI","35","310","","","","","","Écouter RFI Afrique en direct","29","","0","","","","","","https://www.rfi.fr/fr/direct-afrique","","","","","","","","","1","","89","84","0","85.710","72","51","0","","","","","","","","","","","","","","1.1","https://www.rfi.fr/fr/direct-afrique","2021-12-09 06:17:46"
"https://www.rfi.fr/fr/amériques/20211209-etats-unis-face-au-congrès-le-patron-d-instagram-tente-de-défendre-sa-plateforme","text/html; charset=UTF-8","200","OK","Indexable","","États-Unis: face au Congrès, le patron d'Instagram tente de défendre sa plateforme","82","744","","","","","","États-Unis: face au Congrès, le patron d'Instagram tente de défendre sa plateforme","82","","0","","","","","","https://www.rfi.fr/fr/amériques/20211209-etats-unis-face-au-congrès-le-patron-d-instagram-tente-de-défendre-sa-plateforme","","","","","","","","","1","","12","5","0","5.100","85","67","0","","","","","","","","","","","","","","1.1","https://www.rfi.fr/fr/am%C3%A9riques/20211209-etats-unis-face-au-congr%C3%A8s-le-patron-d-instagram-tente-de-d%C3%A9fendre-sa-plateforme","2021-12-09 06:17:45"
"https://www.rfi.fr/fr/culture/20211208-one-piece-sortie-du-tome-100-du-manga-au-succès-mondial","text/html; charset=UTF-8","200","OK","Indexable","","«One Piece», sortie du tome 100 du manga au succès mondial","58","560","","","","","","«One Piece», sortie du tome 100 du manga au succès mondial","58","","0","","","","","","https://www.rfi.fr/fr/culture/20211208-one-piece-sortie-du-tome-100-du-manga-au-succès-mondial","","","","","","","","","1","","12","3","0","3.060","88","70","0","","","","","","","","","","","","","","1.1","https://www.rfi.fr/fr/culture/20211208-one-piece-sortie-du-tome-100-du-manga-au-succ%C3%A8s-mondial","2021-12-09 06:17:46"
"https://www.rfi.fr/fr/tag/voyage-découverte/","text/html; charset=UTF-8","200","OK","Indexable","","Voyage Découverte : actualités, podcasts, vidéos et analyses - RFI","66","596","","","","","","Voyage Découverte","17","","0","","","","","","https://www.rfi.fr/fr/tag/voyage-découverte/","","","","","","","","","1","","89","84","0","85.710","93","76","0","","","","","","","","","","","","","","1.1","https://www.rfi.fr/fr/tag/voyage-d%C3%A9couverte/","2021-12-09 06:17:46"
"https://www.rfi.fr/fr/podcasts/appels-sur-l-actualité/20211208-vos-réactions-cedeao-un-nouveau-sommet-sur-la-guinée-et-le-mali","text/html; charset=UTF-8","200","OK","Indexable","","[Vos réactions] CEDEAO: un nouveau sommet sur la Guinée et le Mali - Appels sur l'actualité","91","828","","","","","","[Vos réactions] CEDEAO: un nouveau sommet sur la Guinée et le Mali","66","","0","","","","","","https://www.rfi.fr/fr/podcasts/appels-sur-l-actualité/20211208-vos-réactions-cedeao-un-nouveau-sommet-sur-la-guinée-et-le-mali","","","","","","","","","1","","9","2","0","2.040","85","66","0","","","","","","","","","","","","","","1.1","https://www.rfi.fr/fr/podcasts/appels-sur-l-actualit%C3%A9/20211208-vos-r%C3%A9actions-cedeao-un-nouveau-sommet-sur-la-guin%C3%A9e-et-le-mali","2021-12-09 06:17:46"
"https://www.rfi.fr/ma/","text/html; charset=UTF-8","200","OK","Indexable","","A ye RFI Mandenkan lamɛn ka ta ntɛnɛn fo juma nɛgɛkannyɛ 8 a nin a kanyɛ 12 Mandendugu waati la - RFI Mandenkan","111","1070","","","","","","","0","","0","","","","","","https://www.rfi.fr/ma/","","","","","","","","","1","","107","98","0","100.000","81","62","0","","","","","","","","","","","","","","1.1","https://www.rfi.fr/ma/","2021-12-09 06:17:46"
"https://www.rfi.fr/fr/qui-sommes-nous","text/html; charset=UTF-8","200","OK","Indexable","","Qui sommes-nous ? - RFI","23","231","","","","","","Qui sommes-nous ?","17","","0","","","","","","https://www.rfi.fr/fr/qui-sommes-nous","","","","","","","","","1","","89","84","0","85.710","80","51","0","","","","","","","","","","","","","","1.1","https://www.rfi.fr/fr/qui-sommes-nous","2021-12-09 06:17:46"
"https://www.rfi.fr/fr/podcasts/priorité-santé/20211208-stop-aux-tabous-en-santé","text/html; charset=UTF-8","200","OK","Indexable","","Stop aux tabous en santé - Priorité santé","41","365","","","","","","Stop aux tabous en santé","24","","0","","","","","","https://www.rfi.fr/fr/podcasts/priorité-santé/20211208-stop-aux-tabous-en-santé","","","","","","","","","1","","10","3","0","3.060","82","63","0","","","","","","","","","","","","","","1.1","https://www.rfi.fr/fr/podcasts/priorit%C3%A9-sant%C3%A9/20211208-stop-aux-tabous-en-sant%C3%A9","2021-12-09 06:17:46"
"https://www.rfi.fr/fr/en-bref/","text/html; charset=UTF-8","200","OK","Indexable","","Retrouvez toute l'actualité internationale en continu - RFI","59","504","","","","","","L'info en continu","17","","0","","","","","","https://www.rfi.fr/fr/en-bref/","","","","","","","","","1","","6","2","0","2.040","86","72","0","","","","","","","","","","","","","","1.1","https://www.rfi.fr/fr/en-bref/","2021-12-09 06:17:46"
"https://www.rfi.fr/fr/podcasts/radio-foot-internationale/20211204-épisode-3-la-première-danse-des-comores","text/html; charset=UTF-8","200","OK","Indexable","","Épisode 3: la première danse des Comores - Radio Foot Internationale","68","628","","","","","","Épisode 3: la première danse des Comores","40","","0","","","","","","https://www.rfi.fr/fr/podcasts/radio-foot-internationale/20211204-épisode-3-la-première-danse-des-comores","","","","","","","","","1","","10","2","0","2.040","99","74","0","","","","","","","","","","","","","","1.1","https://www.rfi.fr/fr/podcasts/radio-foot-internationale/20211204-%C3%A9pisode-3-la-premi%C3%A8re-danse-des-comores","2021-12-09 06:17:46"
"https://www.rfi.fr/fr/france/20211208-france-condamné-en-justice-alain-griset-remplacé-par-jean-baptiste-lemoyne-au-gouvernement","text/html; charset=UTF-8","200","OK","Indexable","","France: condamné en justice, Alain Griset remplacé par Jean-Baptiste Lemoyne au gouvernement","92","873","","","","","","France: condamné en justice, Alain Griset remplacé par Jean-Baptiste Lemoyne au gouvernement","92","","0","","","","","","https://www.rfi.fr/fr/france/20211208-france-condamné-en-justice-alain-griset-remplacé-par-jean-baptiste-lemoyne-au-gouvernement","","","","","","","","","1","","10","3","0","3.060","88","70","0","","","","","","","","","","","","","","1.1","https://www.rfi.fr/fr/france/20211208-france-condamn%C3%A9-en-justice-alain-griset-remplac%C3%A9-par-jean-baptiste-lemoyne-au-gouvernement","2021-12-09 06:17:46"
"https://www.rfi.fr/fr/tag/congo-hold-up/","text/html; charset=UTF-8","200","OK","Indexable","","Congo Hold-up : actualités, podcasts, vidéos et analyses - RFI","62","554","","","","","","Congo Hold-up","13","","0","","","","","","https://www.rfi.fr/fr/tag/congo-hold-up/","","","","","","","","","1","","91","84","0","85.710","93","76","0","","","","","","","","","","","","","","1.1","https://www.rfi.fr/fr/tag/congo-hold-up/","2021-12-09 06:17:47"
"https://www.rfi.fr/fr/afrique/","text/html; charset=UTF-8","200","OK","Indexable","","L'actualité économique et politique en Afrique et au Maghreb en direct - RFI","76","672","","","","","","RFI - Actualités, info, news en direct - Radio France Internationale","68","Afrique","7","","","","","","https://www.rfi.fr/fr/afrique/","","","","","","","","","1","","184","84","0","85.710","143","116","0","","","","","","","","","","","","","","1.1","https://www.rfi.fr/fr/afrique/","2021-12-09 06:17:46"
"https://www.rfi.fr/fr/podcasts/","text/html; charset=UTF-8","200","OK","Indexable","","Programmes et podcasts de RFI","29","290","","","","","","Podcasts","8","","0","","","","","","https://www.rfi.fr/fr/podcasts/","","","","","","","","","1","","203","84","0","85.710","106","84","0","","","","","","","","","","","","","","1.1","https://www.rfi.fr/fr/podcasts/","2021-12-09 06:17:47"
"https://www.rfi.fr/fr/sports/20211208-ligue-des-champions-lille-s-offre-les-huitièmes-de-finale","text/html; charset=UTF-8","200","OK","Indexable","","Ligue des champions: Lille s'offre les huitièmes de finale","58","498","","","","","","Ligue des champions: Lille s'offre les huitièmes de finale","58","","0","","","","","","https://www.rfi.fr/fr/sports/20211208-ligue-des-champions-lille-s-offre-les-huitièmes-de-finale","","","","","","","","","1","","10","3","0","3.060","86","68","0","","","","","","","","","","","","","","1.1","https://www.rfi.fr/fr/sports/20211208-ligue-des-champions-lille-s-offre-les-huiti%C3%A8mes-de-finale","2021-12-09 06:17:47"
"https://www.rfi.fr/fr/afrique/20211209-ouganda-le-trésor-américain-prend-des-sanctions-contre-le-chef-des-renseignements-militaires","text/html; charset=UTF-8","200","OK","Indexable","","Ouganda : le Trésor américain prend des sanctions contre le chef des renseignements militaires","94","853","","","","","","Ouganda : le Trésor américain prend des sanctions contre le chef des renseignements militaires","94","","0","","","","","","https://www.rfi.fr/fr/afrique/20211209-ouganda-le-trésor-américain-prend-des-sanctions-contre-le-chef-des-renseignements-militaires","","","","","","","","","1","","20","12","0","12.240","84","66","0","","","","","","","","","","","","","","1.1","https://www.rfi.fr/fr/afrique/20211209-ouganda-le-tr%C3%A9sor-am%C3%A9ricain-prend-des-sanctions-contre-le-chef-des-renseignements-militaires","2021-12-09 06:17:47"
"https://www.rfi.fr/fr/asie-pacifique/20211208-la-chine-salue-l-arrivée-au-pouvoir-du-chancelier-olaf-scholz-en-allemagne","text/html; charset=UTF-8","200","OK","Indexable","","La Chine salue l'arrivée au pouvoir du chancelier Olaf Scholz en Allemagne","74","665","","","","","","La Chine salue l'arrivée au pouvoir du chancelier Olaf Scholz en Allemagne","74","","0","","","","","","https://www.rfi.fr/fr/asie-pacifique/20211208-la-chine-salue-l-arrivée-au-pouvoir-du-chancelier-olaf-scholz-en-allemagne","","","","","","","","","1","","13","6","0","6.120","91","73","0","","","","","","","","","","","","","","1.1","https://www.rfi.fr/fr/asie-pacifique/20211208-la-chine-salue-l-arriv%C3%A9e-au-pouvoir-du-chancelier-olaf-scholz-en-allemagne","2021-12-09 06:17:47"
"https://www.rfi.fr/fr/connaissances/20211208-angela-merkel-une-fille-de-l-est-devenue-la-femme-politique-la-plus-puissante-du-monde","text/html; charset=UTF-8","200","OK","Indexable","","Angela Merkel, une fille de l'Est devenue la femme politique la plus puissante du monde","87","777","","","","","","Angela Merkel, une fille de l'Est devenue la femme politique la plus puissante du monde","87","","0","","","","","","https://www.rfi.fr/fr/connaissances/20211208-angela-merkel-une-fille-de-l-est-devenue-la-femme-politique-la-plus-puissante-du-monde","","","","","","","","","1","","10","3","0","3.060","97","80","0","","","","","","","","","","","","","","1.1","https://www.rfi.fr/fr/connaissances/20211208-angela-merkel-une-fille-de-l-est-devenue-la-femme-politique-la-plus-puissante-du-monde","2021-12-09 06:17:47"
"https://www.rfi.fr/fr/podcasts/invité-afrique/20211208-macky-sall-nous-ne-pouvons-pas-accepter-les-coups-d-état","text/html; charset=UTF-8","200","OK","Indexable","","Macky Sall: «Nous ne pouvons pas accepter les coups d’État» - Invité Afrique","76","689","","","","","","Macky Sall: «Nous ne pouvons pas accepter les coups d’État»","59","","0","","","","","","https://www.rfi.fr/fr/podcasts/invité-afrique/20211208-macky-sall-nous-ne-pouvons-pas-accepter-les-coups-d-état","","","","","","","","","1","","11","3","0","3.060","81","64","0","","","","","","","","","","","","","","1.1","https://www.rfi.fr/fr/podcasts/invit%C3%A9-afrique/20211208-macky-sall-nous-ne-pouvons-pas-accepter-les-coups-d-%C3%A9tat","2021-12-09 06:17:47"
"https://www.rfi.fr/fr/notre-sélection/","text/html; charset=UTF-8","200","OK","Indexable","","La sélection de la rédaction RFI","32","281","","","","","","Notre sélection","15","","0","","","","","","https://www.rfi.fr/fr/notre-sélection/","","","","","","","","","1","","6","2","0","2.040","101","76","0","","","","","","","","","","","","","","1.1","https://www.rfi.fr/fr/notre-s%C3%A9lection/","2021-12-09 06:17:47"
"https://www.rfi.fr/fr/afrique/20211208-procès-apollo-21-à-madagascar-paul-rafanoharana-réfute-toute-accusation-d-assassinat","text/html; charset=UTF-8","200","OK","Indexable","","Procès «Apollo 21» à Madagascar: le principal accusé réfute toute accusation d'assassinat","89","805","","","","","","Procès «Apollo 21» à Madagascar: le principal accusé réfute toute accusation d'assassinat","89","","0","","","","","","https://www.rfi.fr/fr/afrique/20211208-procès-apollo-21-à-madagascar-paul-rafanoharana-réfute-toute-accusation-d-assassinat","","","","","","","","","1","","9","3","0","3.060","86","69","0","","","","","","","","","","","","","","1.1","https://www.rfi.fr/fr/afrique/20211208-proc%C3%A8s-apollo-21-%C3%A0-madagascar-paul-rafanoharana-r%C3%A9fute-toute-accusation-d-assassinat","2021-12-09 06:17:47"
"https://www.rfi.fr/fr/en-bref/20211208-attentats-jihadistes-de-2016-à-bruxelles-le-procès-s-ouvrira-le-10-octobre-2022","text/html; charset=UTF-8","200","OK","Indexable","","Attentats jihadistes de 2016 à Bruxelles: le procès s'ouvrira le 10 octobre 2022 - RFI","86","747","","","","","","Attentats jihadistes de 2016 à Bruxelles: le procès s'ouvrira le 10 octobre 2022","80","","0","","","","","","https://www.rfi.fr/fr/en-bref/20211208-attentats-jihadistes-de-2016-à-bruxelles-le-procès-s-ouvrira-le-10-octobre-2022","","","","","","","","","1","","7","3","0","3.060","65","52","0","","","","","","","","","","","","","","1.1","https://www.rfi.fr/fr/en-bref/20211208-attentats-jihadistes-de-2016-%C3%A0-bruxelles-le-proc%C3%A8s-s-ouvrira-le-10-octobre-2022","2021-12-09 06:17:47"
"https://www.rfi.fr/fr/sports/","text/html; charset=UTF-8","200","OK","Indexable","","Les dernières news et résultats sportifs en direct - RFI","56","483","","","","","","Sports","6","","0","","","","","","https://www.rfi.fr/fr/sports/","","","","","","","","","1","","90","84","0","85.710","103","87","0","","","","","","","","","","","","","","1.1","https://www.rfi.fr/fr/sports/","2021-12-09 06:17:47"
"https://www.rfi.fr/fr/podcasts/journal-haïti-amériques","text/html; charset=UTF-8","301","Moved Permanently","Non-Indexable","Redirected","","0","0","","","","","","","0","","0","","","","","","","","","","","","","","","1","","84","84","0","85.710","0","0","0","","","","","","","","","","","https://www.rfi.fr/fr/podcasts/journal-haïti-amériques/","HTTP Redirect","","1.1","https://www.rfi.fr/fr/podcasts/journal-ha%C3%AFti-am%C3%A9riques","2021-12-09 06:17:48"
"https://www.rfi.fr/fr/afrique/20211208-lingui-de-mahamat-saleh-haroun-le-combat-des-femmes-au-tchad-et-ailleurs","text/html; charset=UTF-8","200","OK","Indexable","","«Lingui» de Mahamat-Saleh Haroun, le combat des femmes, au Tchad et ailleurs","76","721","","","","","","«Lingui» de Mahamat-Saleh Haroun, le combat des femmes, au Tchad et ailleurs","76","","0","","","","","","https://www.rfi.fr/fr/afrique/20211208-lingui-de-mahamat-saleh-haroun-le-combat-des-femmes-au-tchad-et-ailleurs","","","","","","","","","1","","15","5","0","5.100","90","73","0","","","","","","","","","","","","","","1.1","https://www.rfi.fr/fr/afrique/20211208-lingui-de-mahamat-saleh-haroun-le-combat-des-femmes-au-tchad-et-ailleurs","2021-12-09 06:17:47"
"https://www.rfi.fr/fr/europe/20211208-allemagne-olaf-scholz-succède-officiellement-à-angela-merkel","text/html; charset=UTF-8","200","OK","Indexable","","Allemagne: Olaf Scholz succède officiellement à Angela Merkel","61","559","","","","","","Allemagne: Olaf Scholz succède officiellement à Angela Merkel","61","","0","","","","","","https://www.rfi.fr/fr/europe/20211208-allemagne-olaf-scholz-succède-officiellement-à-angela-merkel","","","","","","","","","1","","16","8","0","8.160","87","69","0","","","","","","","","","","","","","","1.1","https://www.rfi.fr/fr/europe/20211208-allemagne-olaf-scholz-succ%C3%A8de-officiellement-%C3%A0-angela-merkel","2021-12-09 06:17:48"
"https://www.rfi.fr/fa/","text/html; charset=UTF-8","200","OK","Indexable","","اخبار و تازه های جهان بصورت زنده : رادیو بین المللی فرانسه - ار.اف.ای","69","558","","","","","","","0","","0","","","","","","https://www.rfi.fr/fa/","","","","","","","","","1","","106","98","0","100.000","99","85","0","","","","","","","","","","","","","","1.1","https://www.rfi.fr/fa/","2021-12-09 06:17:48"
"https://www.rfi.fr/fr/grille-des-programmes-afrique","text/html; charset=UTF-8","200","OK","Indexable","","Grille des programmes Afrique RFI","33","310","","","","","","Grille des programmes","21","","0","","","","","","https://www.rfi.fr/fr/grille-des-programmes-afrique","","","","","","","","","1","","91","84","0","85.710","86","64","0","","","","","","","","","","","","","","1.1","https://www.rfi.fr/fr/grille-des-programmes-afrique","2021-12-09 06:17:48"
"https://www.rfi.fr/fr/amériques/","text/html; charset=UTF-8","200","OK","Indexable","","L'actualité économique et politique aux Amériques en direct - RFI","65","578","","","","","","Amériques","9","","0","","","","","","https://www.rfi.fr/fr/amériques/","","","","","","","","","1","","92","84","0","85.710","99","83","0","","","","","","","","","","","","","","1.1","https://www.rfi.fr/fr/am%C3%A9riques/","2021-12-09 06:17:48"
"https://www.rfi.fr/fr/tag/coronavirus/","text/html; charset=UTF-8","200","OK","Indexable","","Coronavirus : actualités, podcasts, vidéos et analyses - RFI","60","528","","","","","","Coronavirus","11","","0","","","","","","https://www.rfi.fr/fr/tag/coronavirus/","","","","","","","","","1","","93","84","0","85.710","109","84","0","","","","","","","","","","","","","","1.1","https://www.rfi.fr/fr/tag/coronavirus/","2021-12-09 06:17:48"
"https://www.rfi.fr/fr/en-bref/20211208-présidentielle-française-2022-anne-hidalgo-rejoint-l-idée-d-une-primaire-à-gauche","text/html; charset=UTF-8","200","OK","Indexable","","Présidentielle française 2022: Anne Hidalgo rejoint l'idée d'une primaire à gauche - RFI","88","767","","","","","","Présidentielle française 2022: Anne Hidalgo rejoint l'idée d'une primaire à gauche","82","","0","","","","","","https://www.rfi.fr/fr/en-bref/20211208-présidentielle-française-2022-anne-hidalgo-rejoint-l-idée-d-une-primaire-à-gauche","","","","","","","","","1","","7","3","0","3.060","65","52","0","","","","","","","","","","","","","","1.1","https://www.rfi.fr/fr/en-bref/20211208-pr%C3%A9sidentielle-fran%C3%A7aise-2022-anne-hidalgo-rejoint-l-id%C3%A9e-d-une-primaire-%C3%A0-gauche","2021-12-09 06:17:48"
"https://www.rfi.fr/fr/podcasts/vous-m-en-direz-des-nouvelles/20211208-nicoletta-une-voix-et-une-touche-de-piano","text/html; charset=UTF-8","200","OK","Indexable","","Nicoletta, une voix et une touche de piano - Vous m'en direz des nouvelles","74","662","","","","","","Nicoletta, une voix et une touche de piano","42","","0","","","","","","https://www.rfi.fr/fr/podcasts/vous-m-en-direz-des-nouvelles/20211208-nicoletta-une-voix-et-une-touche-de-piano","","","","","","","","","1","","10","3","0","3.060","79","60","0","","","","","","","","","","","","","","1.1","https://www.rfi.fr/fr/podcasts/vous-m-en-direz-des-nouvelles/20211208-nicoletta-une-voix-et-une-touche-de-piano","2021-12-09 06:17:48"
"https://www.rfi.fr/fr/économie/","text/html; charset=UTF-8","200","OK","Indexable","","L'actualité économique mondiale en direct - RFI","47","423","","","","","","Economie","8","","0","","","","","","https://www.rfi.fr/fr/économie/","","","","","","","","","1","","89","84","0","85.710","99","82","0","","","","","","","","","","","","","","1.1","https://www.rfi.fr/fr/%C3%A9conomie/","2021-12-09 06:17:47"
"https://www.rfi.fr/fr/culture-médias/","text/html; charset=UTF-8","200","OK","Indexable","","L'actualité culturelle et artistique en direct - RFI","52","418","","","","","","Culture et médias","17","","0","","","","","","https://www.rfi.fr/fr/culture-médias/","","","","","","","","","1","","91","84","0","85.710","115","92","0","","","","","","","","","","","","","","1.1","https://www.rfi.fr/fr/culture-m%C3%A9dias/","2021-12-09 06:17:48"
"https://www.rfi.fr/br/","text/html; charset=UTF-8","200","OK","Indexable","","Atualidades, notícias ao vivo - Rádio França Internacional - RFI","64","562","","","","","","","0","","0","","","","","","https://www.rfi.fr/br/","","","","","","","","","1","","108","98","0","100.000","97","81","0","","","","","","","","","","","","","","1.1","https://www.rfi.fr/br/","2021-12-09 06:17:48"
"https://www.rfi.fr/fr/grille-des-programmes-monde","text/html; charset=UTF-8","200","OK","Indexable","","Grille des programmes RFI","25","241","","","","","","Grille des programmes","21","","0","","","","","","https://www.rfi.fr/fr/grille-des-programmes-monde","","","","","","","","","1","","91","84","0","85.710","86","64","0","","","","","","","","","","","","","","1.1","https://www.rfi.fr/fr/grille-des-programmes-monde","2021-12-09 06:17:49"
"https://www.rfi.fr/fr/podcasts/radio-foot-internationale/20211208-ligue-des-champions-barcelone-au-pied-du-mur-bavarois","text/html; charset=UTF-8","200","OK","Indexable","","Ligue des Champions: Barcelone au pied du mur bavarois! - Radio Foot Internationale","83","763","","","","","","Ligue des Champions: Barcelone au pied du mur bavarois!","55","","0","","","","","","https://www.rfi.fr/fr/podcasts/radio-foot-internationale/20211208-ligue-des-champions-barcelone-au-pied-du-mur-bavarois","","","","","","","","","1","","12","5","0","5.100","81","61","0","","","","","","","","","","","","","","1.1","https://www.rfi.fr/fr/podcasts/radio-foot-internationale/20211208-ligue-des-champions-barcelone-au-pied-du-mur-bavarois","2021-12-09 06:17:49"
"https://www.rfi.fr/fr/contenu/20091023-rss","text/html; charset=UTF-8","200","OK","Indexable","","rss - RFI","9","78","","","","","","rss","3","","0","","","","","","https://www.rfi.fr/fr/contenu/20091023-rss","","","","","","","","","1","","89","84","0","85.710","82","67","0","","","","","","","","","","","","","","1.1","https://www.rfi.fr/fr/contenu/20091023-rss","2021-12-09 06:17:49"
"https://www.rfi.fr/vi/","text/html; charset=UTF-8","200","OK","Indexable","","Thời sự, thông tin trực tiếp - Đài phát thanh quốc tế Pháp - RFI","64","558","","","","","","","0","","0","","","","","","https://www.rfi.fr/vi/","","","","","","","","","1","","108","98","0","100.000","96","78","0","","","","","","","","","","","","","","1.1","https://www.rfi.fr/vi/","2021-12-09 06:17:49"
"https://www.rfi.fr/fr/en-bref/20211208-ligue-des-champions-lille-vainqueur-3-1-à-wolfsburg-atteint-les-huitièmes-de-finale-pour-la-2e-fois-de-son-histoire","text/html; charset=UTF-8","200","OK","Indexable","","Ligue des champions: Lille, vainqueur 3-1 à Wolfsburg, atteint les huitièmes de finale pour la 2e fois de son histoire - RFI","124","1070","","","","","","Ligue des champions: Lille, vainqueur 3-1 à Wolfsburg, atteint les huitièmes de finale pour la 2e fois de son histoire","118","","0","","","","","","https://www.rfi.fr/fr/en-bref/20211208-ligue-des-champions-lille-vainqueur-3-1-à-wolfsburg-atteint-les-huitièmes-de-finale-pour-la-2e-fois-de-son-histoire","","","","","","","","","1","","7","3","0","3.060","65","52","0","","","","","","","","","","","","","","1.1","https://www.rfi.fr/fr/en-bref/20211208-ligue-des-champions-lille-vainqueur-3-1-%C3%A0-wolfsburg-atteint-les-huiti%C3%A8mes-de-finale-pour-la-2e-fois-de-son-histoire","2021-12-09 06:17:49"
"https://www.rfi.fr/fr/applications","text/html; charset=UTF-8","200","OK","Indexable","","RFI sur mobile et tablette - RFI","32","276","","","","","","RFI sur mobile et tablette","26","","0","","","","","","https://www.rfi.fr/fr/applications","","","","","","","","","1","","92","84","0","85.710","66","51","0","","","","","","","","","","","","","","1.1","https://www.rfi.fr/fr/applications","2021-12-09 06:17:50"
"https://www.rfi.fr/en/","text/html; charset=UTF-8","200","OK","Indexable","","RFI - All the news from France, Europe, Africa and the rest of the world.","73","641","","","","","","","0","","0","","","","","","https://www.rfi.fr/en/","","","","","","","","","1","","108","98","0","100.000","92","77","0","","","","","","","","","","","","","","1.1","https://www.rfi.fr/en/","2021-12-09 06:17:49"
"https://www.rfi.fr/fr/en-bref/20211209-hong-kong-jimmy-lai-et-deux-autres-militants-condamnés-pour-avoir-participé-à-une-veillée-pour-tiananmen","text/html; charset=UTF-8","200","OK","Indexable","","Hong Kong: Jimmy Lai et deux autres militants condamnés pour avoir participé à une veillée pour Tiananmen - RFI","111","1018","","","","","","Hong Kong: Jimmy Lai et deux autres militants condamnés pour avoir participé à une veillée pour Tiananmen","105","","0","","","","","","https://www.rfi.fr/fr/en-bref/20211209-hong-kong-jimmy-lai-et-deux-autres-militants-condamnés-pour-avoir-participé-à-une-veillée-pour-tiananmen","","","","","","","","","1","","7","3","0","3.060","65","52","0","","","","","","","","","","","","","","1.1","https://www.rfi.fr/fr/en-bref/20211209-hong-kong-jimmy-lai-et-deux-autres-militants-condamn%C3%A9s-pour-avoir-particip%C3%A9-%C3%A0-une-veill%C3%A9e-pour-tiananmen","2021-12-09 06:17:50"
"https://www.rfi.fr/pt/","text/html; charset=UTF-8","200","OK","Indexable","","RFI - Actualidade, informação, notícias em directo - Radio France Internationale","80","711","","","","","","","0","","0","","","","","","https://www.rfi.fr/pt/","","","","","","","","","1","","108","98","0","100.000","88","71","0","","","","","","","","","","","","","","1.1","https://www.rfi.fr/pt/","2021-12-09 06:17:49"
"https://www.rfi.fr/fr/science/20211208-les-gens-ne-doivent-pas-être-vaccinés-de-force-met-en-garde-michelle-bachelet","text/html; charset=UTF-8","200","OK","Indexable","","«Les gens ne doivent pas être vaccinés de force», met en garde Michelle Bachelet","80","734","","","","","","«Les gens ne doivent pas être vaccinés de force», met en garde Michelle Bachelet","80","","0","","","","","","https://www.rfi.fr/fr/science/20211208-les-gens-ne-doivent-pas-être-vaccinés-de-force-met-en-garde-michelle-bachelet","","","","","","","","","1","","11","4","0","4.080","89","70","0","","","","","","","","","","","","","","1.1","https://www.rfi.fr/fr/science/20211208-les-gens-ne-doivent-pas-%C3%AAtre-vaccin%C3%A9s-de-force-met-en-garde-michelle-bachelet","2021-12-09 06:17:50"
"https://www.rfi.fr/fr/france/","text/html; charset=UTF-8","200","OK","Indexable","","L'actualité économique et politique en France - RFI","51","452","","","","","","France","6","","0","","","","","","https://www.rfi.fr/fr/france/","","","","","","","","","1","","90","84","0","85.710","99","83","0","","","","","","","","","","","","","","1.1","https://www.rfi.fr/fr/france/","2021-12-09 06:17:49"
