"country_name","Country Code","indicator_name","Indicator Code","1974","1975","1976","1977","1978","1979","1980","1981","1982","1983","1984","1985","1986","1987","1988","1989","1990","1991","1992","1993","1994","1995","1996","1997","1998","1999","2000","2001","2002","2003","2004","2005","2006","2007","2008","2009","2010","2011","2012","2013","2014","2015","2016","2017","2018","2019",
"East Asia & Pacific","EAS","population_total","SP.POP.TOTL","1416257366","1443359147","1467569010","1490449457","1513227369","1536434993","1559194619","1582789699","1608678553","1634539937","1659131214","1684294889","1710989831","1739071545","1767429690","1795159128","1822193192","1848222188","1872480731","1895897521","1919359723","1942431457","1965146504","1987315562","2008705489","2028650274","2047640119","2065912076","2083186112","2099602439","2115458616","2131146832","2146744075","2161785573","2177119142","2192059415","2206884624","2221673110","2236819053","2252046977","2267482299","2282855831","2298514046","2314202003","2328220870","2328220019",
"East Asia & Pacific","EAS","Annualized growth in per capita real survey mean consumption or income, bottom 40% (%)","SI.SPR.PC40.ZG","","","","","","","","","","","","","","","","","","","","","","","","","","","","","","","","","","","","","","","","","","","","","","",
"East Asia & Pacific","EAS","Annualized growth in per capita real survey mean consumption or income, top 10% (%)","SI.SPR.PT10.ZG","","","","","","","","","","","","","","","","","","","","","","","","","","","","","","","","","","","","","","","","","","","","","","",
"East Asia & Pacific","EAS","Annualized growth in per capita real survey mean consumption or income, top 60% (%)","SI.SPR.PT60.ZG","","","","","","","","","","","","","","","","","","","","","","","","","","","","","","","","","","","","","","","","","","","","","","",
"East Asia & Pacific","EAS","Annualized growth in per capita real survey mean consumption or income, total population (%)","SI.SPR.PCAP.ZG","","","","","","","","","","","","","","","","","","","","","","","","","","","","","","","","","","","","","","","","","","","","","","",
"Venezuela, RB","VEN","Annualized growth in per capita real survey mean consumption or income, bottom 40% (%)","SI.SPR.PC40.ZG","","","","","","","","","","","","","","","","","","","","","","","","","","","","","","","","","","","","","","","","","","","","","","",
"Venezuela, RB","VEN","Annualized growth in per capita real survey mean consumption or income, top 10% (%)","SI.SPR.PT10.ZG","","","","","","","","","","","","","","","","","","","","","","","","","","","","","","","","","","","","","","","","","","","","","","",
"Venezuela, RB","VEN","Annualized growth in per capita real survey mean consumption or income, top 60% (%)","SI.SPR.PT60.ZG","","","","","","","","","","","","","","","","","","","","","","","","","","","","","","","","","","","","","","","","","","","","","","",
"Venezuela, RB","VEN","Annualized growth in per capita real survey mean consumption or income, total population (%)","SI.SPR.PCAP.ZG","","","","","","","","","","","","","","","","","","","","","","","","","","","","","","","","","","","","","","","","","","","","","","",
"Venezuela, RB","VEN","Annualized growth in per capita real survey median income or consumption expenditure (%)","SI.POV.XPND.MD.ZG","","","","","","","","","","","","","","","","","","","","","","","","","","","","","","","","","","","","","","","","","","","","","","",
"Venezuela, RB","VEN","GINI index (World Bank estimate)","SI.POV.GINI","","","","","","","","55.6","","","","","","53.4","","45.3","","","42.5","","","47.8","","","49.8","48.3","","48.2","50.6","50.4","49.8","52.4","46.9","","","","","","","","","","","","","",
"Venezuela, RB","VEN","Growth component of change in poverty at $1.90 a day (2011 PPP) (% of change)","SI.POV.DDAY.GR","","","","","","","","","","","","","","","","","","","","","","","","","","","","","","","","","","","","","","","","","","","","","","",
"Venezuela, RB","VEN","Growth component of change in poverty at $3.20 a day (2011 PPP) (% of change)","SI.POV.LMIC.GR","","","","","","","","","","","","","","","","","","","","","","","","","","","","","","","","","","","","","","","","","","","","","","",
"Venezuela, RB","VEN","Growth component of change in poverty at $5.50 a day (2011 PPP) (% of change)","SI.POV.UMIC.GR","","","","","","","","","","","","","","","","","","","","","","","","","","","","","","","","","","","","","","","","","","","","","","",
"Venezuela, RB","VEN","Income share held by fourth 20%","SI.DST.04TH.20","","","","","","","","19.4","","","","","","20.2","","22.4","","","22","","","21.5","","","21.7","21.4","","21.6","21.7","22.2","22.3","22.1","22.3","","","","","","","","","","","","","",
"Venezuela, RB","VEN","Income share held by highest 10%","SI.DST.10TH.10","","","","","","","","43.4","","","","","","40.8","","33","","","31.7","","","35.8","","","36.5","36.2","","35.7","36.9","36.1","35.7","37.8","34.1","","","","","","","","","","","","","",
"Venezuela, RB","VEN","Income share held by highest 20%","SI.DST.05TH.20","","","","","","","","59.9","","","","","","58","","49.5","","","48","","","52.3","","","53.5","52.7","","52.5","54.1","53.4","52.9","54.6","50.7","","","","","","","","","","","","","",
"Venezuela, RB","VEN","Income share held by lowest 10%","SI.DST.FRST.10","","","","","","","","1.2","","","","","","1.3","","0.8","","","1.5","","","1.1","","","0.5","0.9","","0.9","0.4","0.2","0.2","0","0.5","","","","","","","","","","","","","",
"Venezuela, RB","VEN","Income share held by lowest 20%","SI.DST.FRST.20","","","","","","","","3.1","","","","","","3.4","","3.7","","","4.8","","","3.8","","","2.9","3.5","","3.5","2.6","2.2","2.3","1.5","3.2","","","","","","","","","","","","","",
"Venezuela, RB","VEN","Income share held by second 20%","SI.DST.02ND.20","","","","","","","","6.5","","","","","","6.8","","9.5","","","10.2","","","8.7","","","8.3","8.7","","8.7","8.2","8.3","8.5","8","9.2","","","","","","","","","","","","","",
"Venezuela, RB","VEN","Income share held by third 20%","SI.DST.03RD.20","","","","","","","","11.2","","","","","","11.6","","14.9","","","15","","","13.8","","","13.7","13.8","","13.7","13.5","13.8","14.1","13.8","14.5","","","","","","","","","","","","","",
"Venezuela, RB","VEN","Median daily per capita income or consumption expenditure (2011 PPP)","SI.POV.XPND.MD","","","","","","","","","","","","","","","","","","","","","","","","","","","","","","","","","","","","","","","","","","","","","","",
"Venezuela, RB","VEN","Multidimensional poverty, Drinking water (% of population deprived)","SI.POV.WATR.MI","","","","","","","","","","","","","","","","","","","","","","","","","","","","","","","","","","","","","","","","","","","","","","",
"Venezuela, RB","VEN","Multidimensional poverty, Educational attainment (% of population deprived)","SI.POV.ATTM.MI","","","","","","","","","","","","","","","","","","","","","","","","","","","","","","","","","","","","","","","","","","","","","","",
"Venezuela, RB","VEN","Multidimensional poverty, Educational enrollment (% of population deprived)","SI.POV.ENRL.MI","","","","","","","","","","","","","","","","","","","","","","","","","","","","","","","","","","","","","","","","","","","","","","",
"Venezuela, RB","VEN","Multidimensional poverty, Electricity (% of population deprived)","SI.POV.ELEC.MI","","","","","","","","","","","","","","","","","","","","","","","","","","","","","","","","","","","","","","","","","","","","","","",
"Venezuela, RB","VEN","Multidimensional poverty, Headcount ratio (% of population)","SI.POV.HCRT.MI","","","","","","","","","","","","","","","","","","","","","","","","","","","","","","","","","","","","","","","","","","","","","","",
"Venezuela, RB","VEN","Multidimensional poverty, Monetary poverty (% of population deprived)","SI.POV.DDAY.MI","","","","","","","","","","","","","","","","","","","","","","","","","","","","","","","","","","","","","","","","","","","","","","",
"Venezuela, RB","VEN","Multidimensional poverty, Sanitation (% of population deprived)","SI.POV.SANI.MI","","","","","","","","","","","","","","","","","","","","","","","","","","","","","","","","","","","","","","","","","","","","","","",
"Venezuela, RB","VEN","Number of poor at $1.90 a day (2011 PPP) (millions)","SI.POV.NOP1","","","","","","","","0.9","","","","","","1.1","","1.4","","","1","","","2.3","","","3","2.9","","2.7","4.6","5.8","5.1","5","2.7","","","","","","","","","","","","","",
"Venezuela, RB","VEN","Number of poor at $3.20 a day (2011 PPP) (millions)","SI.POV.LMIC.NO","","","","","","","","2.7","","","","","","3.4","","2.6","","","2.3","","","5","","","5.8","6","","5.8","8.3","10.1","8.9","7.7","4.8","","","","","","","","","","","","","",
"Venezuela, RB","VEN","Number of poor at $5.50 a day (2011 PPP) (millions)","SI.POV.UMIC.NO","","","","","","","","5.3","","","","","","6.7","","5.5","","","5.9","","","9.9","","","10.4","11.3","","11.3","14","16","14.9","12.9","9.5","","","","","","","","","","","","","",
"Venezuela, RB","VEN","population_total","SP.POP.TOTL","12816955","13189509","13572208","13964379","14364727","14771271","15182611","15597886","16017573","16443134","16876703","17319520","17772001","18232730","18698847","19166471","19632665","20096317","20557683","21016901","21474549","21931084","22385650","22837743","23288564","23739841","24192446","24646472","25100408","25551624","25996594","26432447","26850194","27247610","27635832","28031009","28439940","28888369","29362449","29783571","30045134","30081829","29846179","29390409","28870195","28870019",
"Venezuela, RB","VEN","Poverty gap at $1.90 a day (2011 PPP) (%)","SI.POV.GAPS","","","","","","","","1","","","","","","0.9","","5.4","","","3","","","4.9","","","7.8","6","","6","10.3","13.1","11.9","13.3","7.1","","","","","","","","","","","","","",
"Venezuela, RB","VEN","Poverty gap at $3.20 a day (2011 PPP) (% of population)","SI.POV.LMIC.GP","","","","","","","","5.3","","","","","","5.6","","7.3","","","4.9","","","9.6","","","12.1","11","","10.5","16.4","20.4","18","17.5","9.8","","","","","","","","","","","","","",
"Venezuela, RB","VEN","Poverty gap at $5.50 a day (2011 PPP) (% of population)","SI.POV.UMIC.GP","","","","","","","","13.8","","","","","","15","","13","","","11","","","20","","","21.7","21.7","","20.8","28.5","33.6","29.9","26.6","16.9","","","","","","","","","","","","","",
"Venezuela, RB","VEN","Poverty gap at national poverty lines (%)","SI.POV.NAGP","","","","","","","","","","","","","","","","","","","","","","","","","","","","","","","","","","","","","","","","","","","","","","",
"Venezuela, RB","VEN","Poverty gap at national poverty lines (%), including noncomparable values","SI.POV.NAGP.NC","","","","","","","","","","","","","","","","","","","","","","","","","","","","","","","","","","","","","","","","","","","","","","",
"Venezuela, RB","VEN","Poverty headcount ratio at $1.90 a day (2011 PPP) (% of population)","SI.POV.DDAY","","","","","","","","5.8","","","","","","6.1","","7.4","","","4.8","","","10.4","","","12.8","12","","11","18.2","22.7","19.8","18.9","10.2","","","","","","","","","","","","","",
"Venezuela, RB","VEN","Poverty headcount ratio at $1.90 a day, age 0-14  (2011 PPP) (% of population age 0-14)","SI.POV.DDAY.14","","","","","","","","","","","","","","","","","","","","","","","","","","","","","","","","","","","","","","","","","","","","","","",
"Venezuela, RB","VEN","Poverty headcount ratio at $1.90 a day, age 15-64 (2011 PPP) (% of population age 15-64)","SI.POV.DDAY.1564","","","","","","","","","","","","","","","","","","","","","","","","","","","","","","","","","","","","","","","","","","","","","","",
"Venezuela, RB","VEN","Poverty headcount ratio at $1.90 a day, age 65+ (2011 PPP) (% of population age 65+)","SI.POV.DDAY.65","","","","","","","","","","","","","","","","","","","","","","","","","","","","","","","","","","","","","","","","","","","","","","",
"Venezuela, RB","VEN","Poverty headcount ratio at $1.90 a day, Female (2011 PPP) (% of female population)","SI.POV.DDAY.FE","","","","","","","","","","","","","","","","","","","","","","","","","","","","","","","","","","","","","","","","","","","","","","",
"Venezuela, RB","VEN","Poverty headcount ratio at $1.90 a day, Male  (2011 PPP) (% of male population)","SI.POV.DDAY.MA","","","","","","","","","","","","","","","","","","","","","","","","","","","","","","","","","","","","","","","","","","","","","","",
"Venezuela, RB","VEN","Poverty headcount ratio at $1.90 a day, rural (2011 PPP) (% of rural population)","SI.POV.DDAY.RU","","","","","","","","","","","","","","","","","","","","","","","","","","","","","","","","","","","","","","","","","","","","","","",
"Venezuela, RB","VEN","Poverty headcount ratio at $1.90 a day, urban (2011 PPP) (% of urban population)","SI.POV.DDAY.UR","","","","","","","","","","","","","","","","","","","","","","","","","","","","","","","","","","","","","","","","","","","","","","",
"Venezuela, RB","VEN","Poverty headcount ratio at $1.90 a day, with primary education (2011 PPP) (% of population age 16+ with primary education)","SI.POV.DDAY.16.PR","","","","","","","","","","","","","","","","","","","","","","","","","","","","","","","","","","","","","","","","","","","","","","",
"Venezuela, RB","VEN","Poverty headcount ratio at $1.90 a day, with secondary education (2011 PPP) (% of population age 16+ with secondary education)","SI.POV.DDAY.16.SG","","","","","","","","","","","","","","","","","","","","","","","","","","","","","","","","","","","","","","","","","","","","","","",
"Venezuela, RB","VEN","Poverty headcount ratio at $1.90 a day, without education (2011 PPP) (% of population age 16+ without education)","SI.POV.DDAY.16.PL","","","","","","","","","","","","","","","","","","","","","","","","","","","","","","","","","","","","","","","","","","","","","","",
"Venezuela, RB","VEN","Poverty headcount ratio at $1.90 a day,  with Tertiary/post-secondary education (2011 PPP) (% of population age 16+ with Tertiary/post-secondary education)","SI.POV.DDAY.16.ST","","","","","","","","","","","","","","","","","","","","","","","","","","","","","","","","","","","","","","","","","","","","","","",
"Venezuela, RB","VEN","Poverty headcount ratio at $3.20 a day (2011 PPP) (% of population)","SI.POV.LMIC","","","","","","","","17.1","","","","","","18.7","","13.4","","","11.3","","","22.9","","","24.7","25.3","","23.5","32.9","39.6","34.2","29","17.8","","","","","","","","","","","","","",
"Venezuela, RB","VEN","Poverty headcount ratio at $5.50 a day (2011 PPP) (% of population)","SI.POV.UMIC","","","","","","","","33.7","","","","","","36.5","","28.9","","","28.5","","","45.1","","","44.7","47.6","","45.8","55.9","62.5","57.2","48.8","35.6","","","","","","","","","","","","","",
"Venezuela, RB","VEN","Poverty headcount ratio at national poverty lines (% of population)","SI.POV.NAHC","","","","","","","","","","","","","","","","","","","","","","","","55.6","49","42.8","41.6","31.1","41.1","54","53.1","42.4","33.1","27.5","27.7","26.4","26.8","27.4","27.2","29.4","29.5","33.1","","","","",
"Venezuela, RB","VEN","Poverty headcount ratio at national poverty lines (% of population), including noncomparable values","SI.POV.NAHC.NC","","","","","","","","","","","","","","","","","","","","","","","","55.6","49","42.8","41.6","31.1","41.1","54","53.1","42.4","33.1","27.5","27.7","26.4","26.8","27.4","27.2","29.4","29.5","33.1","","","","",
"Venezuela, RB","VEN","Redistribution component of change in poverty at $1.90 a day (2011 PPP) (% of change)","SI.POV.DDAY.RE","","","","","","","","","","","","","","","","","","","","","","","","","","","","","","","","","","","","","","","","","","","","","","",
"Venezuela, RB","VEN","Redistribution component of change in poverty at $3.20 a day (2011 PPP) (% of change)","SI.POV.LMIC.RE","","","","","","","","","","","","","","","","","","","","","","","","","","","","","","","","","","","","","","","","","","","","","","",
"Venezuela, RB","VEN","Redistribution component of change in poverty at $5.50 a day (2011 PPP) (% of change)","SI.POV.UMIC.RE","","","","","","","","","","","","","","","","","","","","","","","","","","","","","","","","","","","","","","","","","","","","","","",
"Venezuela, RB","VEN","Rural poverty gap at national poverty lines (%)","SI.POV.RUGP","","","","","","","","","","","","","","","","","","","","","","","","","","","","","","","","","","","","","","","","","","","","","","",
"Venezuela, RB","VEN","Rural poverty gap at national poverty lines (%), including noncomparable values","SI.POV.RUGP.NC","","","","","","","","","","","","","","","","","","","","","","","","","","","","","","","","","","","","","","","","","","","","","","",
"Venezuela, RB","VEN","Rural poverty headcount ratio at national poverty lines (% of rural population)","SI.POV.RUHC","","","","","","","","","","","","","","","","","","","","","","","","","","","","","","","","","","","","","","","","","","","","","","",
"Venezuela, RB","VEN","Rural poverty headcount ratio at national poverty lines (% of rural population), including noncomparable values","SI.POV.RUHC.NC","","","","","","","","","","","","","","","","","","","","","","","","","","","","","","","","","","","","","","","","","","","","","","",
"Venezuela, RB","VEN","Survey mean consumption or income per capita, bottom 40% (2011 PPP $ per day)","SI.SPR.PC40","","","","","","","","","","","","","","","","","","","","","","","","","","","","","","","","","","","","","","","","","","","","","","",
"Venezuela, RB","VEN","Survey mean consumption or income per capita, top 10% (2011 PPP $ per day)","SI.SPR.PT10","","","","","","","","","","","","","","","","","","","","","","","","","","","","","","","","","","","","","","","","","","","","","","",
"Venezuela, RB","VEN","Survey mean consumption or income per capita, top 60% (2011 PPP $ per day)","SI.SPR.PT60","","","","","","","","","","","","","","","","","","","","","","","","","","","","","","","","","","","","","","","","","","","","","","",
"Venezuela, RB","VEN","Survey mean consumption or income per capita, total population (2011 PPP $ per day)","SI.SPR.PCAP","","","","","","","","","","","","","","","","","","","","","","","","","","","","","","","","","","","","","","","","","","","","","","",
"Venezuela, RB","VEN","Urban poverty gap at national poverty lines (%)","SI.POV.URGP","","","","","","","","","","","","","","","","","","","","","","","","","","","","","","","","","","","","","","","","","","","","","","",
"Venezuela, RB","VEN","Urban poverty gap at national poverty lines (%), including noncomparable values","SI.POV.URGP.NC","","","","","","","","","","","","","","","","","","","","","","","","","","","","","","","","","","","","","","","","","","","","","","",
"Venezuela, RB","VEN","Urban poverty headcount ratio at national poverty lines (% of urban population)","SI.POV.URHC","","","","","","","","","","","","","","","","","","","","","","","","","","","","","","","","","","","","","","","","","","","","","","",
"Venezuela, RB","VEN","Urban poverty headcount ratio at national poverty lines (% of urban population), including noncomparable values","SI.POV.URHC.NC","","","","","","","","","","","","","","","","","","","","","","","","","","","","","","","","","","","","","","","","","","","","","","",
"Zimbabwe","ZWE","Annualized growth in per capita real survey mean consumption or income, bottom 40% (%)","SI.SPR.PC40.ZG","","","","","","","","","","","","","","","","","","","","","","","","","","","","","","","","","","","","","","","","","","","","-3.75","","",
"Zimbabwe","ZWE","Annualized growth in per capita real survey mean consumption or income, top 10% (%)","SI.SPR.PT10.ZG","","","","","","","","","","","","","","","","","","","","","","","","","","","","","","","","","","","","","","","","","","","","-3.04","","",
"Zimbabwe","ZWE","Annualized growth in per capita real survey mean consumption or income, top 60% (%)","SI.SPR.PT60.ZG","","","","","","","","","","","","","","","","","","","","","","","","","","","","","","","","","","","","","","","","","","","","-3.45","","",
"Zimbabwe","ZWE","Annualized growth in per capita real survey mean consumption or income, total population (%)","SI.SPR.PCAP.ZG","","","","","","","","","","","","","","","","","","","","","","","","","","","","","","","","","","","","","","","","","","","","-3.5","","",
"Zimbabwe","ZWE","Annualized growth in per capita real survey median income or consumption expenditure (%)","SI.POV.XPND.MD.ZG","","","","","","","","","","","","","","","","","","","","","","","","","","","","","","","","","","","","","","","","","","","","-4.54","","",
"Zimbabwe","ZWE","GINI index (World Bank estimate)","SI.POV.GINI","","","","","","","","","","","","","","","","","","","","","","","","","","","","","","","","","","","","","","43.2","","","","","","44.3","","",
"Zimbabwe","ZWE","Growth component of change in poverty at $1.90 a day (2011 PPP) (% of change)","SI.POV.DDAY.GR","","","","","","","","","","","","","","","","","","","","","","","","","","","","","","","","","","","","","","","","","","","","","","",
"Zimbabwe","ZWE","Growth component of change in poverty at $3.20 a day (2011 PPP) (% of change)","SI.POV.LMIC.GR","","","","","","","","","","","","","","","","","","","","","","","","","","","","","","","","","","","","","","","","","","","","","","",
"Zimbabwe","ZWE","Growth component of change in poverty at $5.50 a day (2011 PPP) (% of change)","SI.POV.UMIC.GR","","","","","","","","","","","","","","","","","","","","","","","","","","","","","","","","","","","","","","","","","","","","","","",
"Zimbabwe","ZWE","Income share held by fourth 20%","SI.DST.04TH.20","","","","","","","","","","","","","","","","","","","","","","","","","","","","","","","","","","","","","","21","","","","","","20.6","","",
"Zimbabwe","ZWE","Income share held by highest 10%","SI.DST.10TH.10","","","","","","","","","","","","","","","","","","","","","","","","","","","","","","","","","","","","","","33.8","","","","","","34.8","","",
"Zimbabwe","ZWE","Income share held by highest 20%","SI.DST.05TH.20","","","","","","","","","","","","","","","","","","","","","","","","","","","","","","","","","","","","","","49.7","","","","","","51.1","","",
"Zimbabwe","ZWE","Income share held by lowest 10%","SI.DST.FRST.10","","","","","","","","","","","","","","","","","","","","","","","","","","","","","","","","","","","","","","2.5","","","","","","2.5","","",
"Zimbabwe","ZWE","Income share held by lowest 20%","SI.DST.FRST.20","","","","","","","","","","","","","","","","","","","","","","","","","","","","","","","","","","","","","","5.8","","","","","","6","","",
"Zimbabwe","ZWE","Income share held by second 20%","SI.DST.02ND.20","","","","","","","","","","","","","","","","","","","","","","","","","","","","","","","","","","","","","","9.5","","","","","","9.1","","",
"Zimbabwe","ZWE","Income share held by third 20%","SI.DST.03RD.20","","","","","","","","","","","","","","","","","","","","","","","","","","","","","","","","","","","","","","14","","","","","","13.2","","",
"Zimbabwe","ZWE","Median daily per capita income or consumption expenditure (2011 PPP)","SI.POV.XPND.MD","","","","","","","","","","","","","","","","","","","","","","","","","","","","","","","","","","","","","","3.37","","","","","","2.55","","",
"Zimbabwe","ZWE","Multidimensional poverty, Drinking water (% of population deprived)","SI.POV.WATR.MI","","","","","","","","","","","","","","","","","","","","","","","","","","","","","","","","","","","","","","","","","","","","","","",
"Zimbabwe","ZWE","Multidimensional poverty, Educational attainment (% of population deprived)","SI.POV.ATTM.MI","","","","","","","","","","","","","","","","","","","","","","","","","","","","","","","","","","","","","","","","","","","","","","",
"Zimbabwe","ZWE","Multidimensional poverty, Educational enrollment (% of population deprived)","SI.POV.ENRL.MI","","","","","","","","","","","","","","","","","","","","","","","","","","","","","","","","","","","","","","","","","","","","","","",
"Zimbabwe","ZWE","Multidimensional poverty, Electricity (% of population deprived)","SI.POV.ELEC.MI","","","","","","","","","","","","","","","","","","","","","","","","","","","","","","","","","","","","","","","","","","","","","","",
"Zimbabwe","ZWE","Multidimensional poverty, Headcount ratio (% of population)","SI.POV.HCRT.MI","","","","","","","","","","","","","","","","","","","","","","","","","","","","","","","","","","","","","","","","","","","","","","",
"Zimbabwe","ZWE","Multidimensional poverty, Monetary poverty (% of population deprived)","SI.POV.DDAY.MI","","","","","","","","","","","","","","","","","","","","","","","","","","","","","","","","","","","","","","","","","","","","","","",
"Zimbabwe","ZWE","Multidimensional poverty, Sanitation (% of population deprived)","SI.POV.SANI.MI","","","","","","","","","","","","","","","","","","","","","","","","","","","","","","","","","","","","","","","","","","","","","","",
"Zimbabwe","ZWE","Number of poor at $1.90 a day (2011 PPP) (millions)","SI.POV.NOP1","","","","","","","","","","","","","","","","","","","","","","","","","","","","","","","","","","","","","","2.8","","","","","","4.8","","",
"Zimbabwe","ZWE","Number of poor at $3.20 a day (2011 PPP) (millions)","SI.POV.LMIC.NO","","","","","","","","","","","","","","","","","","","","","","","","","","","","","","","","","","","","","","6.1","","","","","","8.7","","",
"Zimbabwe","ZWE","Number of poor at $5.50 a day (2011 PPP) (millions)","SI.POV.UMIC.NO","","","","","","","","","","","","","","","","","","","","","","","","","","","","","","","","","","","","","","9.5","","","","","","11.6","","",
"Zimbabwe","ZWE","population_total","SP.POP.TOTL","6085074","6293875","6502569","6712827","6929664","7160023","7408624","7675591","7958241","8254747","8562249","8877489","9200149","9527203","9849125","10153852","10432421","10680995","10900502","11092766","11261744","11410714","11541217","11653242","11747072","11822719","11881477","11923914","11954290","11982224","12019912","12076699","12155491","12255922","12379549","12526968","12697723","12894316","13115131","13350356","13586681","13814629","14030390","14236745","14439018","14439019",
"Zimbabwe","ZWE","Poverty gap at $1.90 a day (2011 PPP) (%)","SI.POV.GAPS","","","","","","","","","","","","","","","","","","","","","","","","","","","","","","","","","","","","","","5.2","","","","","","9.3","","",
"Zimbabwe","ZWE","Poverty gap at $3.20 a day (2011 PPP) (% of population)","SI.POV.LMIC.GP","","","","","","","","","","","","","","","","","","","","","","","","","","","","","","","","","","","","","","17.3","","","","","","25.5","","",
"Zimbabwe","ZWE","Poverty gap at $5.50 a day (2011 PPP) (% of population)","SI.POV.UMIC.GP","","","","","","","","","","","","","","","","","","","","","","","","","","","","","","","","","","","","","","36.1","","","","","","45.2","","",
"Zimbabwe","ZWE","Poverty gap at national poverty lines (%)","SI.POV.NAGP","","","","","","","","","","","","","","","","","","","","","","","","","","","","","","","","","","","","","","","","","","","","","","",
"Zimbabwe","ZWE","Poverty gap at national poverty lines (%), including noncomparable values","SI.POV.NAGP.NC","","","","","","","","","","","","","","","","","","","","","","","","","","","","","","","","","","","","","","","","","","","","","","",
"Zimbabwe","ZWE","Poverty headcount ratio at $1.90 a day (2011 PPP) (% of population)","SI.POV.DDAY","","","","","","","","","","","","","","","","","","","","","","","","","","","","","","","","","","","","","","21.4","","","","","","33.9","","",
"Zimbabwe","ZWE","Poverty headcount ratio at $1.90 a day, age 0-14  (2011 PPP) (% of population age 0-14)","SI.POV.DDAY.14","","","","","","","","","","","","","","","","","","","","","","","","","","","","","","","","","","","","","","","","","","","","","","",
"Zimbabwe","ZWE","Poverty headcount ratio at $1.90 a day, age 15-64 (2011 PPP) (% of population age 15-64)","SI.POV.DDAY.1564","","","","","","","","","","","","","","","","","","","","","","","","","","","","","","","","","","","","","","","","","","","","","","",
"Zimbabwe","ZWE","Poverty headcount ratio at $1.90 a day, age 65+ (2011 PPP) (% of population age 65+)","SI.POV.DDAY.65","","","","","","","","","","","","","","","","","","","","","","","","","","","","","","","","","","","","","","","","","","","","","","",
"Zimbabwe","ZWE","Poverty headcount ratio at $1.90 a day, Female (2011 PPP) (% of female population)","SI.POV.DDAY.FE","","","","","","","","","","","","","","","","","","","","","","","","","","","","","","","","","","","","","","","","","","","","","","",
"Zimbabwe","ZWE","Poverty headcount ratio at $1.90 a day, Male  (2011 PPP) (% of male population)","SI.POV.DDAY.MA","","","","","","","","","","","","","","","","","","","","","","","","","","","","","","","","","","","","","","","","","","","","","","",
"Zimbabwe","ZWE","Poverty headcount ratio at $1.90 a day, rural (2011 PPP) (% of rural population)","SI.POV.DDAY.RU","","","","","","","","","","","","","","","","","","","","","","","","","","","","","","","","","","","","","","","","","","","","","","",
"Zimbabwe","ZWE","Poverty headcount ratio at $1.90 a day, urban (2011 PPP) (% of urban population)","SI.POV.DDAY.UR","","","","","","","","","","","","","","","","","","","","","","","","","","","","","","","","","","","","","","","","","","","","","","",
"Zimbabwe","ZWE","Poverty headcount ratio at $1.90 a day, with primary education (2011 PPP) (% of population age 16+ with primary education)","SI.POV.DDAY.16.PR","","","","","","","","","","","","","","","","","","","","","","","","","","","","","","","","","","","","","","","","","","","","","","",
"Zimbabwe","ZWE","Poverty headcount ratio at $1.90 a day, with secondary education (2011 PPP) (% of population age 16+ with secondary education)","SI.POV.DDAY.16.SG","","","","","","","","","","","","","","","","","","","","","","","","","","","","","","","","","","","","","","","","","","","","","","",
"Zimbabwe","ZWE","Poverty headcount ratio at $1.90 a day, without education (2011 PPP) (% of population age 16+ without education)","SI.POV.DDAY.16.PL","","","","","","","","","","","","","","","","","","","","","","","","","","","","","","","","","","","","","","","","","","","","","","",
"Zimbabwe","ZWE","Poverty headcount ratio at $1.90 a day,  with Tertiary/post-secondary education (2011 PPP) (% of population age 16+ with Tertiary/post-secondary education)","SI.POV.DDAY.16.ST","","","","","","","","","","","","","","","","","","","","","","","","","","","","","","","","","","","","","","","","","","","","","","",
"Zimbabwe","ZWE","Poverty headcount ratio at $3.20 a day (2011 PPP) (% of population)","SI.POV.LMIC","","","","","","","","","","","","","","","","","","","","","","","","","","","","","","","","","","","","","","47.2","","","","","","61","","",
"Zimbabwe","ZWE","Poverty headcount ratio at $5.50 a day (2011 PPP) (% of population)","SI.POV.UMIC","","","","","","","","","","","","","","","","","","","","","","","","","","","","","","","","","","","","","","74","","","","","","81.3","","",
"Zimbabwe","ZWE","Poverty headcount ratio at national poverty lines (% of population)","SI.POV.NAHC","","","","","","","","","","","","","","","","","","","","","","","","","","","","70.9","","","","","","","","","","72.3","","","","","","70","","",
"Zimbabwe","ZWE","Poverty headcount ratio at national poverty lines (% of population), including noncomparable values","SI.POV.NAHC.NC","","","","","","","","","","","","","","","","","","","","","","75.6","","","","","","70.9","","72","","","","","","","","72.3","","","","","","70","","",
"Zimbabwe","ZWE","Redistribution component of change in poverty at $1.90 a day (2011 PPP) (% of change)","SI.POV.DDAY.RE","","","","","","","","","","","","","","","","","","","","","","","","","","","","","","","","","","","","","","","","","","","","","","",
"Zimbabwe","ZWE","Redistribution component of change in poverty at $3.20 a day (2011 PPP) (% of change)","SI.POV.LMIC.RE","","","","","","","","","","","","","","","","","","","","","","","","","","","","","","","","","","","","","","","","","","","","","","",
"Zimbabwe","ZWE","Redistribution component of change in poverty at $5.50 a day (2011 PPP) (% of change)","SI.POV.UMIC.RE","","","","","","","","","","","","","","","","","","","","","","","","","","","","","","","","","","","","","","","","","","","","","","",
"Zimbabwe","ZWE","Rural poverty gap at national poverty lines (%)","SI.POV.RUGP","","","","","","","","","","","","","","","","","","","","","","","","","","","","","","","","","","","","","","","","","","","","","","",
"Zimbabwe","ZWE","Rural poverty gap at national poverty lines (%), including noncomparable values","SI.POV.RUGP.NC","","","","","","","","","","","","","","","","","","","","","","","","","","","","","","","","","","","","","","","","","","","","","","",
"Zimbabwe","ZWE","Rural poverty headcount ratio at national poverty lines (% of rural population)","SI.POV.RUHC","","","","","","","","","","","","","","","","","","","","","","","","","","","","","","","","","","","","","","","","","","","","","","",
"Zimbabwe","ZWE","Rural poverty headcount ratio at national poverty lines (% of rural population), including noncomparable values","SI.POV.RUHC.NC","","","","","","","","","","","","","","","","","","","","","","","","","","","","","","","","","","","","","","","","","","","","","","",
"Zimbabwe","ZWE","Survey mean consumption or income per capita, bottom 40% (2011 PPP $ per day)","SI.SPR.PC40","","","","","","","","","","","","","","","","","","","","","","","","","","","","","","","","","","","","","","1.86","","","","","","1.48","","",
"Zimbabwe","ZWE","Survey mean consumption or income per capita, top 10% (2011 PPP $ per day)","SI.SPR.PT10","","","","","","","","","","","","","","","","","","","","","","","","","","","","","","","","","","","","","","16.39","","","","","","13.62","","",
"Zimbabwe","ZWE","Survey mean consumption or income per capita, top 60% (2011 PPP $ per day)","SI.SPR.PT60","","","","","","","","","","","","","","","","","","","","","","","","","","","","","","","","","","","","","","6.84","","","","","","5.54","","",
"Zimbabwe","ZWE","Survey mean consumption or income per capita, total population (2011 PPP $ per day)","SI.SPR.PCAP","","","","","","","","","","","","","","","","","","","","","","","","","","","","","","","","","","","","","","4.85","","","","","","3.91","","",
"Zimbabwe","ZWE","Urban poverty gap at national poverty lines (%)","SI.POV.URGP","","","","","","","","","","","","","","","","","","","","","","","","","","","","","","","","","","","","","","","","","","","","","","",
"Zimbabwe","ZWE","Urban poverty gap at national poverty lines (%), including noncomparable values","SI.POV.URGP.NC","","","","","","","","","","","","","","","","","","","","","","","","","","","","","","","","","","","","","","","","","","","","","","",
"Zimbabwe","ZWE","Urban poverty headcount ratio at national poverty lines (% of urban population)","SI.POV.URHC","","","","","","","","","","","","","","","","","","","","","","","","","","","","","","","","","","","","","","","","","","","","","","",
"Zimbabwe","ZWE","Urban poverty headcount ratio at national poverty lines (% of urban population), including noncomparable values","SI.POV.URHC.NC","","","","","","","","","","","","","","","","","","","","","","","","","","","","","","","","","","","","","","","","","","","","","","",